TIMESTAMP,MMSI,LON,LAT,HEADING,COURSE,SPEED,NAVIGATIONAL_STATUS,TYPE,STATION,CLASS
1426027785000,555532554,25.324434,37.463234,207,0.1,0,0,30,-1,A
1426028709000,555532554,25.322767,37.46235,279,2.3,0,0,30,-1,A
1426028851000,555532554,25.313133,37.4639,289,15.6,0,0,30,-1,A
1426028982000,555532554,25.299217,37.46747,289,20.3,0,0,30,-1,A
1426029242000,555532554,25.26795,37.47525,289,22.1,0,0,30,-1,A
1426029372000,555532554,25.251883,37.479168,290,22.1,0,0,30,-1,A
1426029502000,555532554,25.236233,37.483166,289,22.2,0,0,30,-1,A
1426029630000,555532554,25.22015,37.4874,288,22.1,0,0,30,-1,A
1426029825000,555532554,25.196484,37.49395,295,22.0,0,0,30,-1,A
1426029981000,555532554,25.181034,37.50247,307,21.0,0,0,30,-1,A
1426030146000,555532554,25.166117,37.51385,318,20.9,0,0,30,-1,A
1426030272000,555532554,25.156616,37.523434,326,20.6,0,0,30,-1,A
1426030440000,555532554,25.153967,37.535618,6,11.5,0,0,30,-1,A
1426030594000,555532554,25.157883,37.521915,324,20.5,0,0,30,-1,A
1426030880000,555532554,25.155684,37.536682,202,4.4,0,0,30,-1,A
1426031268000,555532554,25.1564,37.53775,190,0.1,0,0,30,-1,A
1426031708000,555532554,25.154934,37.536415,239,7.2,0,0,30,-1,A
1426031869000,555532554,25.14305,37.529835,239,19.2,0,0,30,-1,A
1426031998000,555532554,25.1295,37.522617,239,21.3,0,0,30,-1,A
1426032120000,555532554,25.116766,37.5156,239,22.2,0,0,30,-1,A
1426032377000,555532554,25.088867,37.500217,238,22.6,0,0,30,-1,A
1426032504000,555532554,25.074966,37.49275,239,22.7,0,0,30,-1,A
1426032706000,555532554,25.05275,37.480915,239,22.6,0,0,30,-1,A
1426032923000,555532554,25.028734,37.46845,239,22.9,0,0,30,-1,A
1426033181000,555532554,24.9993,37.45415,241,22.6,0,0,30,-1,A
1426033319000,555532554,24.9836,37.44725,240,22.6,0,0,30,-1,A
1426033523000,555532554,24.96015,37.437317,249,22.3,0,0,30,-1,A
1426033650000,555532554,24.945616,37.4357,289,16.6,0,0,30,-1,A
1426033772000,555532554,24.94235,37.440468,55,6.5,0,0,30,-1,A
1426033963000,555532554,24.942017,37.440117,127,0.1,0,0,30,-1,A
1426035283000,555532554,24.94195,37.4401,130,0.0,0,0,30,-1,A
1426035473000,555532554,24.942217,37.440266,96,0.8,0,0,30,-1,A
1426035613000,555532554,24.945967,37.436718,142,12.5,0,0,30,-1,A
1426035738000,555532554,24.95625,37.436783,34,16.8,0,0,30,-1,A
1426035900000,555532554,24.959433,37.4515,358,21.4,0,0,30,-1,A
1426036218000,555532554,24.956316,37.483418,336,21.9,0,0,30,-1,A
1426036344000,555532554,24.9488,37.494766,320,21.9,0,0,30,-1,A
1426036470000,555532554,24.938484,37.504635,312,21.8,0,0,30,-1,A
1426036596000,555532554,24.9239,37.51015,289,22.3,0,0,30,-1,A
1426036722000,555532554,24.908417,37.514767,289,22.6,0,0,30,-1,A
1426036854000,555532554,24.892183,37.51948,283,22.3,0,0,30,-1,A
1426037046000,555532554,24.866934,37.52065,271,22.6,0,0,30,-1,A
1426037167000,555532554,24.851433,37.52105,271,22.4,0,0,30,-1,A
1426037353000,555532554,24.827333,37.521515,271,22.1,0,0,30,-1,A
1426037484000,555532554,24.81015,37.52183,271,21.9,0,0,30,-1,A
1426037616000,555532554,24.79345,37.521935,271,22.1,0,0,30,-1,A
1426037742000,555532554,24.777,37.52195,271,22.2,0,0,30,-1,A
1426037868000,555532554,24.760683,37.52205,274,22.1,0,0,30,-1,A
1426037994000,555532554,24.744667,37.5228,274,22.0,0,0,30,-1,A
1426038121000,555532554,24.7285,37.523533,273,22.0,0,0,30,-1,A
1426038252000,555532554,24.71135,37.52437,274,22.0,0,0,30,-1,A
1426038384000,555532554,24.695383,37.525135,273,22.2,0,0,30,-1,A
1426038511000,555532554,24.678017,37.52605,274,22.2,0,0,30,-1,A
1426038642000,555532554,24.6612,37.52693,274,22.2,0,0,30,-1,A
1426038894000,555532554,24.6286,37.52875,273,22.2,0,0,30,-1,A
1426039026000,555532554,24.6114,37.529816,274,22.3,0,0,30,-1,A
1426039146000,555532554,24.595716,37.5307,274,22.5,0,0,30,-1,A
1426039280000,555532554,24.5784,37.531765,274,22.5,0,0,30,-1,A
1426039531000,555532554,24.545116,37.534,274,22.7,0,0,30,-1,A
1426039656000,555532554,24.52845,37.535168,274,22.8,0,0,30,-1,A
1426039789000,555532554,24.511217,37.53645,274,22.8,0,0,30,-1,A
1426039987000,555532554,24.484966,37.53855,274,22.8,0,0,30,-1,A
1426040124000,555532554,24.46665,37.53998,274,22.9,0,0,30,-1,A
1426040317000,555532554,24.441233,37.539417,253,22.8,0,0,30,-1,A
1426040442000,555532554,24.424967,37.5359,254,22.9,0,0,30,-1,A
1426040686000,555532554,24.393316,37.52925,258,23.2,0,0,30,-1,A
1426040809000,555532554,24.3773,37.526733,258,23.2,0,0,30,-1,A
1426040992000,555532554,24.352716,37.522835,258,23.3,0,0,30,-1,A
1426041118000,555532554,24.335766,37.520134,257,23.3,0,0,30,-1,A
1426041240000,555532554,24.319633,37.517532,257,23.3,0,0,30,-1,A
1426041364000,555532554,24.302866,37.515,259,23.4,0,0,30,-1,A
1426041490000,555532554,24.2858,37.514484,274,23.5,0,0,30,-1,A
1426041610000,555532554,24.269966,37.5175,290,23.1,0,0,30,-1,A
1426041732000,555532554,24.255184,37.52285,294,22.9,0,0,30,-1,A
1426041854000,555532554,24.240683,37.528435,294,22.3,0,0,30,-1,A
1426041982000,555532554,24.2256,37.53415,294,22.4,0,0,30,-1,A
1426042121000,555532554,24.209234,37.54035,294,22.5,0,0,30,-1,A
1426042508000,555532554,24.16395,37.55845,292,22.2,0,0,30,-1,A
1426042703000,555532554,24.140734,37.5664,292,22.0,0,0,30,-1,A
1426042956000,555532554,24.111032,37.5764,294,21.9,0,0,30,-1,A
1426043081000,555532554,24.096134,37.581383,294,22.0,0,0,30,-1,A
1426043339000,555532554,24.065533,37.59223,294,22.4,0,0,30,-1,A
1426043471000,555532554,24.049932,37.598118,294,22.4,0,0,30,-1,A
1426043597000,555532554,24.03515,37.603783,293,22.4,0,0,30,-1,A
1426043735000,555532554,24.018717,37.6098,292,22.5,0,0,30,-1,A
1426043856000,555532554,24.00425,37.614765,292,22.6,0,0,30,-1,A
1426044018000,555532554,23.984333,37.621483,292,22.7,0,0,30,-1,A
1426044152000,555532554,23.9684,37.62705,292,22.5,0,0,30,-1,A
1426044287000,555532554,23.95205,37.6327,293,22.3,0,0,30,-1,A
1426044418000,555532554,23.936617,37.6385,294,22.1,0,0,30,-1,A
1426044580000,555532554,23.917534,37.64555,294,22.4,0,0,30,-1,A
1426044704000,555532554,23.90375,37.650784,296,22.6,0,0,30,-1,A
1426044863000,555532554,23.8842,37.6588,296,22.6,0,0,30,-1,A
1426044989000,555532554,23.869368,37.66498,296,22.7,0,0,30,-1,A
1426045122000,555532554,23.853867,37.671482,296,22.7,0,0,30,-1,A
1426045275000,555532554,23.840616,37.677116,296,22.8,0,0,30,-1,A
1426045403000,555532554,23.82065,37.685566,296,22.8,0,0,30,-1,A
1426045529000,555532554,23.805883,37.691784,296,22.9,0,0,30,-1,A
1426045660000,555532554,23.790516,37.698284,296,22.9,0,0,30,-1,A
1426045782000,555532554,23.7763,37.704285,296,22.9,0,0,30,-1,A
1426045944000,555532554,23.757767,37.712234,296,23.0,0,0,30,-1,A
1426046094000,555532554,23.74065,37.721516,312,22.9,0,0,30,-1,A
1426046216000,555532554,23.732733,37.729416,325,22.9,0,0,30,-1,A
1426046368000,555532554,23.721416,37.746265,330,23.1,0,0,30,-1,A
1426046549000,555532554,23.71055,37.762733,329,23.0,0,0,30,-1,A
1426046671000,555532554,23.70235,37.775185,330,22.8,0,0,30,-1,A
1426046822000,555532554,23.693016,37.789318,329,22.6,0,0,30,-1,A
1426046945000,555532554,23.686417,37.79925,330,22.5,0,0,30,-1,A
1426047068000,555532554,23.6782,37.811916,331,22.6,0,0,30,-1,A
1426047193000,555532554,23.670866,37.82395,330,22.5,0,0,30,-1,A
1426047317000,555532554,23.664984,37.83357,330,22.5,0,0,30,-1,A
1426047439000,555532554,23.656633,37.8471,330,22.5,0,0,30,-1,A
1426047568000,555532554,23.657116,37.846367,330,22.4,0,0,30,-1,A
1426047692000,555532554,23.641884,37.869934,331,22.5,0,0,30,-1,A
1426047817000,555532554,23.634367,37.8822,331,22.5,0,0,30,-1,A
1426047937000,555532554,23.62755,37.893185,331,21.7,0,0,30,-1,A
1426048092000,555532554,23.6198,37.90587,331,18.4,0,0,30,-1,A
1426048280000,555532554,23.613483,37.92082,341,18.1,0,0,30,-1,A
1426048405000,555532554,23.61165,37.93095,5,17.9,0,0,30,-1,A
1426048527000,555532554,23.6188,37.937065,64,14.6,0,0,30,-1,A
1426048656000,555532554,23.62805,37.93992,64,11.4,0,0,30,-1,A
1426048810000,555532554,23.632584,37.9408,68,11.3,0,0,30,-1,A
1426048932000,555532554,23.6385,37.94692,20,11.4,0,0,30,-1,A
1426049134000,555532554,23.641167,37.9479,191,0.6,0,0,30,-1,A
1426049306000,555532554,23.641317,37.947918,185,0.0,0,0,30,-1,A
1426050626000,555532554,23.641317,37.947918,185,0.0,0,0,30,-1,A
1426052005000,555532554,23.641333,37.947918,184,0.0,0,0,30,-1,A
1426053276000,555532554,23.641333,37.947968,184,0.0,0,0,30,-1,A
1426054886000,555532554,23.641317,37.9479,184,0.0,0,0,30,-1,A
1426056156000,555532554,23.641466,37.947918,184,0.0,0,0,30,-1,A
1426057407000,555532554,23.641266,37.94787,184,0.0,0,0,30,-1,A
1426058677000,555532554,23.641417,37.947918,184,0.0,0,0,30,-1,A
1426060118000,555532554,23.6414,37.9479,184,0.0,0,0,30,-1,A
1426061558000,555532554,23.641367,37.9479,185,0.0,0,0,30,-1,A
1426062996000,555532554,23.64135,37.947918,185,0.0,0,0,30,-1,A
1426064440000,555532554,23.641333,37.947968,184,0.0,0,0,30,-1,A
1426065877000,555532554,23.641417,37.947918,184,0.0,0,0,30,-1,A
1426067319000,555532554,23.64135,37.947815,184,0.0,0,0,30,-1,A
1426068758000,555532554,23.641417,37.94795,184,0.0,0,0,30,-1,A
1426070197000,555532554,23.64135,37.947884,184,0.0,0,0,30,-1,A
1426071638000,555532554,23.641384,37.9479,184,0.0,0,0,30,-1,A
1426073077000,555532554,23.64125,37.947983,184,0.0,0,0,30,-1,A
1426074519000,555532554,23.641384,37.947884,184,0.0,0,0,30,-1,A
1426075957000,555532554,23.641367,37.94785,184,0.0,0,0,30,-1,A
1426077397000,555532554,23.641384,37.947834,184,0.0,0,0,30,-1,A
1426078838000,555532554,23.641317,37.9479,184,0.0,0,0,30,-1,A
1426080279000,555532554,23.641367,37.947968,184,0.0,0,0,30,-1,A
1426081716000,555532554,23.641333,37.94795,184,0.0,0,0,30,-1,A
1426083328000,555532554,23.641333,37.94795,184,0.0,0,0,30,-1,A
1426084598000,555532554,23.641367,37.947933,184,0.0,0,0,30,-1,A
1426085998000,555532554,23.64135,37.947884,184,0.0,0,0,30,-1,A
1426087399000,555532554,23.64145,37.947834,184,0.0,0,0,30,-1,A
1426088620000,555532554,23.641367,37.9479,184,0.0,0,0,30,-1,A
1426089820000,555532554,23.64135,37.9479,184,0.0,0,0,30,-1,A
1426090900000,555532554,23.640167,37.947433,222,3.2,0,0,30,-1,A
1426091072000,555532554,23.633867,37.941082,236,11.3,0,0,30,-1,A
1426091198000,555532554,23.625717,37.93905,247,11.6,0,0,30,-1,A
1426091323000,555532554,23.632517,37.940582,249,11.4,0,0,30,-1,A
1426091476000,555532554,23.611984,37.9234,183,20.7,0,0,30,-1,A
1426091722000,555532554,23.613234,37.8982,175,22.3,0,0,30,-1,A
1426091848000,555532554,23.61475,37.885216,175,22.3,0,0,30,-1,A
1426092004000,555532554,23.61635,37.869133,176,22.3,0,0,30,-1,A
1426092136000,555532554,23.617617,37.85615,176,22.0,0,0,30,-1,A
1426092376000,555532554,23.62195,37.831333,165,22.0,0,0,30,-1,A
1426092563000,555532554,23.6317,37.813885,156,22.4,0,0,30,-1,A
1426092690000,555532554,23.638683,37.801968,156,22.4,0,0,30,-1,A
1426092814000,555532554,23.6457,37.78998,155,22.4,0,0,30,-1,A
1426092934000,555532554,23.65215,37.77883,156,22.6,0,0,30,-1,A
1426093156000,555532554,23.664066,37.7577,156,22.4,0,0,30,-1,A
1426093276000,555532554,23.670433,37.7463,156,22.4,0,0,30,-1,A
1426093402000,555532554,23.67715,37.73415,156,22.5,0,0,30,-1,A
1426093528000,555532554,23.683666,37.72225,155,22.6,0,0,30,-1,A
1426093761000,555532554,23.695417,37.70095,156,22.5,0,0,30,-1,A
1426093912000,555532554,23.704,37.685684,156,22.4,0,0,30,-1,A
1426094056000,555532554,23.714417,37.67317,135,22.4,0,0,30,-1,A
1426094194000,555532554,23.728466,37.664433,120,22.4,0,0,30,-1,A
1426094320000,555532554,23.743116,37.6587,113,22.5,0,0,30,-1,A
1426094440000,555532554,23.757917,37.65375,112,22.6,0,0,30,-1,A
1426094579000,555532554,23.774517,37.6481,112,22.6,0,0,30,-1,A
1426094710000,555532554,23.790434,37.642735,110,22.6,0,0,30,-1,A
1426094838000,555532554,23.806,37.63785,110,22.5,0,0,30,-1,A
1426094975000,555532554,23.822866,37.6326,110,22.6,0,0,30,-1,A
1426095100000,555532554,23.838118,37.6278,109,22.6,0,0,30,-1,A
1426095232000,555532554,23.854433,37.622734,109,22.6,0,0,30,-1,A
1426095352000,555532554,23.869,37.618332,109,22.7,0,0,30,-1,A
1426095484000,555532554,23.885683,37.613216,109,22.7,0,0,30,-1,A
1426095616000,555532554,23.901917,37.608234,108,22.8,0,0,30,-1,A
1426095755000,555532554,23.919333,37.60325,106,22.9,0,0,30,-1,A
1426095892000,555532554,23.936516,37.5986,106,22.9,0,0,30,-1,A
1426096138000,555532554,23.967916,37.589832,106,23.0,0,0,30,-1,A
1426096262000,555532554,23.983534,37.58547,106,23.1,0,0,30,-1,A
1426096384000,555532554,23.998917,37.581165,106,22.9,0,0,30,-1,A
1426096518000,555532554,24.01555,37.576485,106,22.4,0,0,30,-1,A
1426096642000,555532554,24.030518,37.572166,105,22.1,0,0,30,-1,A
1426096762000,555532554,24.045218,37.567818,104,22.3,0,0,30,-1,A
1426096883000,555532554,24.05985,37.5635,105,22.2,0,0,30,-1,A
1426097021000,555532554,24.07695,37.559116,102,22.4,0,0,30,-1,A
1426097153000,555532554,24.093683,37.555134,102,22.4,0,0,30,-1,A
1426097290000,555532554,24.110884,37.55115,102,22.5,0,0,30,-1,A
1426097429000,555532554,24.1285,37.54755,102,22.6,0,0,30,-1,A
1426097621000,555532554,24.152983,37.543217,101,22.4,0,0,30,-1,A
1426097752000,555532554,24.169716,37.540283,101,22.5,0,0,30,-1,A
1426097879000,555532554,24.185583,37.536217,109,22.6,0,0,30,-1,A
1426098125000,555532554,24.215467,37.526516,110,22.4,0,0,30,-1,A
1426098251000,555532554,24.230717,37.521282,110,22.3,0,0,30,-1,A
1426098376000,555532554,24.245916,37.516533,108,22.3,0,0,30,-1,A
1426098503000,555532554,24.261234,37.5115,106,22.5,0,0,30,-1,A
1426098635000,555532554,24.27775,37.508583,87,21.6,0,0,30,-1,A
1426098827000,555532554,24.301983,37.50878,86,21.5,0,0,30,-1,A
1426098958000,555532554,24.3185,37.508835,86,21.5,0,0,30,-1,A
1426099091000,555532554,24.334867,37.508835,84,21.4,0,0,30,-1,A
1426099216000,555532554,24.350733,37.509167,84,21.4,0,0,30,-1,A
1426099348000,555532554,24.36635,37.5094,84,21.2,0,0,30,-1,A
1426099481000,555532554,24.38305,37.509533,83,20.7,0,0,30,-1,A
1426099606000,555532554,24.3981,37.50995,84,20.7,0,0,30,-1,A
1426099739000,555532554,24.41445,37.510582,84,21.1,0,0,30,-1,A
1426099871000,555532554,24.430767,37.51115,82,21.3,0,0,30,-1,A
1426099997000,555532554,24.4465,37.511967,82,21.2,0,0,30,-1,A
1426100123000,555532554,24.461933,37.512917,78,21.4,0,0,30,-1,A
1426100249000,555532554,24.477633,37.5143,75,21.1,0,0,30,-1,A
1426100381000,555532554,24.493717,37.516285,76,21.4,0,0,30,-1,A
1426100512000,555532554,24.510067,37.518215,76,21.5,0,0,30,-1,A
1426100645000,555532554,24.526466,37.52005,76,21.6,0,0,30,-1,A
1426100777000,555532554,24.543,37.521935,76,21.6,0,0,30,-1,A
1426100915000,555532554,24.5601,37.52392,76,21.7,0,0,30,-1,A
1426101040000,555532554,24.575716,37.52585,76,21.7,0,0,30,-1,A
1426101173000,555532554,24.592382,37.52825,75,21.9,0,0,30,-1,A
1426101304000,555532554,24.609066,37.530766,76,21.9,0,0,30,-1,A
1426101431000,555532554,24.62485,37.53305,76,21.9,0,0,30,-1,A
1426101557000,555532554,24.640734,37.53557,72,22.1,0,0,30,-1,A
1426101683000,555532554,24.656733,37.538532,73,22.2,0,0,30,-1,A
1426101815000,555532554,24.6733,37.5416,72,22.3,0,0,30,-1,A
1426102001000,555532554,24.69675,37.546066,73,22.3,0,0,30,-1,A
1426102133000,555532554,24.713467,37.549133,72,22.3,0,0,30,-1,A
1426102259000,555532554,24.729584,37.552,73,22.3,0,0,30,-1,A
1426102384000,555532554,24.745333,37.55467,73,22.2,0,0,30,-1,A
1426102510000,555532554,24.761868,37.556484,77,22.3,0,0,30,-1,A
1426102637000,555532554,24.77815,37.55818,78,22.3,0,0,30,-1,A
1426102763000,555532554,24.794216,37.556816,98,22.6,0,0,30,-1,A
1426102894000,555532554,24.810583,37.551983,113,22.6,0,0,30,-1,A
1426103014000,555532554,24.825083,37.546932,111,22.7,0,0,30,-1,A
1426103141000,555532554,24.840517,37.541782,111,22.8,0,0,30,-1,A
1426103263000,555532554,24.85565,37.536682,111,23.0,0,0,30,-1,A
1426103415000,555532554,24.8744,37.5305,110,22.7,0,0,30,-1,A
1426103541000,555532554,24.889683,37.525585,110,22.5,0,0,30,-1,A
1426103697000,555532554,24.908533,37.519535,111,22.3,0,0,30,-1,A
1426103830000,555532554,24.9245,37.513966,114,22.3,0,0,30,-1,A
1426103950000,555532554,24.9376,37.50765,130,22.2,0,0,30,-1,A
1426104075000,555532554,24.94825,37.497883,139,22.3,0,0,30,-1,A
1426104202000,555532554,24.956083,37.486233,159,22.2,0,0,30,-1,A
1426104339000,555532554,24.961,37.47265,169,22.1,0,0,30,-1,A
1426104477000,555532554,24.963934,37.4588,173,21.9,0,0,30,-1,A
1426104665000,555532554,24.961233,37.440517,218,21.2,0,0,30,-1,A
1426104786000,555532554,24.949284,37.43515,266,18.1,0,0,30,-1,A
1426104909000,555532554,24.941668,37.438866,341,11.5,0,0,30,-1,A
1426105157000,555532554,24.942017,37.4401,129,0.1,0,0,30,-1,A
1426106448000,555532554,24.941984,37.440117,130,0.0,0,0,30,-1,A
1426106628000,555532554,24.9421,37.440117,103,0.8,0,0,30,-1,A
1426106771000,555532554,24.943466,37.439617,136,3.1,0,0,30,-1,A
1426106894000,555532554,24.9477,37.435383,110,11.3,0,0,30,-1,A
1426107020000,555532554,24.958982,37.43762,56,18.7,0,0,30,-1,A
1426107144000,555532554,24.970316,37.442482,56,21.3,0,0,30,-1,A
1426107305000,555532554,24.989334,37.450882,57,21.4,0,0,30,-1,A
1426107475000,555532554,25.008266,37.459484,56,21.3,0,0,30,-1,A
1426107603000,555532554,25.011534,37.46095,57,21.3,0,0,30,-1,A
1426107822000,555532554,25.04525,37.4757,57,21.2,0,0,30,-1,A
1426107945000,555532554,25.05905,37.481632,56,21.4,0,0,30,-1,A
1426108141000,555532554,25.07955,37.4904,56,21.5,0,0,30,-1,A
1426108266000,555532554,25.080217,37.4907,56,21.5,0,0,30,-1,A
1426108454000,555532554,25.10945,37.50432,52,21.5,0,0,30,-1,A
1426108580000,555532554,25.127117,37.51435,49,21.4,0,0,30,-1,A
1426108712000,555532554,25.139866,37.522568,44,20.9,0,0,30,-1,A
1426108844000,555532554,25.1504,37.53158,33,18.6,0,0,30,-1,A
1426109097000,555532554,25.154934,37.536415,218,2.1,0,0,30,-1,A
1426109285000,555532554,25.15625,37.537735,194,0.3,0,0,30,-1,A
1426109962000,555532554,25.1561,37.537266,215,3.3,0,0,30,-1,A
1426110093000,555532554,25.1535,37.5307,166,14.8,0,0,30,-1,A
1426110221000,555532554,25.160566,37.52183,121,19.9,0,0,30,-1,A
1426110348000,555532554,25.174784,37.515465,119,22.2,0,0,30,-1,A
1426110535000,555532554,25.19455,37.5065,119,22.3,0,0,30,-1,A
1426110690000,555532554,25.212566,37.4982,119,22.3,0,0,30,-1,A
1426110815000,555532554,25.228184,37.490967,118,22.2,0,0,30,-1,A
1426110977000,555532554,25.246084,37.482265,119,22.2,0,0,30,-1,A
1426111104000,555532554,25.25985,37.4753,118,22.2,0,0,30,-1,A
1426111263000,555532554,25.276266,37.466934,112,22.1,0,0,30,-1,A
1426111440000,555532554,25.298532,37.459866,103,22.0,0,0,30,-1,A
1426111584000,555532554,25.315933,37.45933,68,19.4,0,0,30,-1,A
1426111718000,555532554,25.326,37.4616,127,10.4,0,0,30,-1,A
1426111966000,555532554,25.326433,37.462666,179,0.7,0,0,30,-1,A
1426112162000,555532554,25.326416,37.462734,176,0.0,0,0,30,-1,A
1426113474000,555532554,25.32645,37.46275,176,0.0,0,0,30,-1,A
1426114775000,555532554,25.326416,37.46277,177,0.0,0,0,30,-1,A
1426115133000,555532554,25.326468,37.4619,181,3.4,0,0,30,-1,A
1426115324000,555532554,25.31815,37.46023,289,14.0,0,0,30,-1,A
1426115456000,555532554,25.3033,37.465233,294,20.6,0,0,30,-1,A
1426115588000,555532554,25.288383,37.47048,294,21.1,0,0,30,-1,A
1426115750000,555532554,25.269716,37.476665,294,21.8,0,0,30,-1,A
1426115913000,555532554,25.250467,37.482784,293,21.9,0,0,30,-1,A
1426116110000,555532554,25.227066,37.490715,294,22.2,0,0,30,-1,A
1426116269000,555532554,25.208834,37.497684,294,22.0,0,0,30,-1,A
1426116392000,555532554,25.194483,37.5032,293,22.0,0,0,30,-1,A
1426116578000,555532554,25.17335,37.5124,299,21.9,0,0,30,-1,A
1426116836000,555532554,25.157366,37.52145,323,7.3,0,0,30,-1,A
1426116961000,555532554,25.154234,37.52435,339,6.2,0,0,30,-1,A
1426117157000,555532554,25.152817,37.532185,4,12.9,0,0,30,-1,A
1426117358000,555532554,25.1545,37.5365,244,2.5,0,0,30,-1,A
1426117559000,555532554,25.15635,37.5377,188,0.2,0,0,30,-1,A
1426118379000,555532554,25.15375,37.53578,240,9.9,0,0,30,-1,A
1426118506000,555532554,25.142866,37.53015,239,20.4,0,0,30,-1,A
1426118638000,555532554,25.128317,37.522934,239,22.5,0,0,30,-1,A
1426118799000,555532554,25.11055,37.51405,239,22.8,0,0,30,-1,A
1426118926000,555532554,25.096033,37.50662,238,22.8,0,0,30,-1,A
1426119052000,555532554,25.08225,37.499233,239,22.5,0,0,30,-1,A
1426119184000,555532554,25.06785,37.49145,239,22.7,0,0,30,-1,A
1426119353000,555532554,25.0491,37.481632,239,22.8,0,0,30,-1,A
1426119478000,555532554,25.034933,37.474285,239,22.9,0,0,30,-1,A
1426119604000,555532554,25.020916,37.4672,239,22.7,0,0,30,-1,A
1426119736000,555532554,25.006083,37.459885,238,22.7,0,0,30,-1,A
1426119916000,555532554,24.9857,37.450085,239,22.7,0,0,30,-1,A
1426120054000,555532554,24.97015,37.442585,239,22.6,0,0,30,-1,A
1426120187000,555532554,24.955933,37.436466,249,22.0,0,0,30,-1,A
1426120317000,555532554,24.942484,37.437565,318,13.9,0,0,30,-1,A
1426120564000,555532554,24.941984,37.440117,127,0.4,0,0,30,-1,A
1426121896000,555532554,24.941967,37.44015,129,0.0,0,0,30,-1,A
1426122659000,555532554,24.942684,37.440266,115,2.5,0,0,30,-1,A
1426122792000,555532554,24.948034,37.4353,109,14.5,0,0,30,-1,A
1426122976000,555532554,24.958317,37.446133,0,20.5,0,0,30,-1,A
1426123289000,555532554,24.957367,37.477833,348,22.1,0,0,30,-1,A
1426123412000,555532554,24.953434,37.489567,321,21.4,0,0,30,-1,A
1426123535000,555532554,24.943916,37.4989,318,22.0,0,0,30,-1,A
1426123663000,555532554,24.930967,37.507534,291,22.0,0,0,30,-1,A
1426123847000,555532554,24.908516,37.5149,290,22.5,0,0,30,-1,A
1426123971000,555532554,24.89625,37.51903,290,22.3,0,0,30,-1,A
1426124099000,555532554,24.877,37.520866,270,22.4,0,0,30,-1,A
1426124230000,555532554,24.859934,37.521217,270,22.2,0,0,30,-1,A
1426124362000,555532554,24.84295,37.521534,270,22.0,0,0,30,-1,A
1426124489000,555532554,24.826767,37.521534,270,21.7,0,0,30,-1,A
1426124621000,555532554,24.810234,37.521317,270,21.6,0,0,30,-1,A
1426124747000,555532554,24.794067,37.521,269,21.8,0,0,30,-1,A
1426124873000,555532554,24.778116,37.520718,269,21.8,0,0,30,-1,A
1426125005000,555532554,24.761034,37.5205,270,22.1,0,0,30,-1,A
1426125131000,555532554,24.744783,37.520584,272,22.1,0,0,30,-1,A
1426125263000,555532554,24.727867,37.520935,271,22.2,0,0,30,-1,A
1426125389000,555532554,24.711317,37.5212,271,22.2,0,0,30,-1,A
1426125521000,555532554,24.6946,37.521534,271,22.0,0,0,30,-1,A
1426125641000,555532554,24.679016,37.52185,271,22.2,0,0,30,-1,A
1426125832000,555532554,24.654367,37.522385,272,22.2,0,0,30,-1,A
1426125964000,555532554,24.637417,37.522682,274,22.0,0,0,30,-1,A
1426126092000,555532554,24.621283,37.523434,274,22.1,0,0,30,-1,A
1426126218000,555532554,24.604816,37.5243,273,22.2,0,0,30,-1,A
1426126409000,555532554,24.580217,37.52577,276,22.1,0,0,30,-1,A
1426126534000,555532554,24.564083,37.5272,276,22.2,0,0,30,-1,A
1426126696000,555532554,24.543167,37.52902,275,22.5,0,0,30,-1,A
1426126828000,555532554,24.52585,37.530384,276,22.6,0,0,30,-1,A
1426126955000,555532554,24.50935,37.531734,275,22.6,0,0,30,-1,A
1426127086000,555532554,24.49215,37.5332,276,22.5,0,0,30,-1,A
1426127279000,555532554,24.466816,37.535484,276,22.7,0,0,30,-1,A
1426127417000,555532554,24.448668,37.53718,276,22.8,0,0,30,-1,A
1426127549000,555532554,24.431334,37.53585,261,22.9,0,0,30,-1,A
1426127675000,555532554,24.41485,37.533516,258,22.8,0,0,30,-1,A
1426127795000,555532554,24.399384,37.530666,257,22.9,0,0,30,-1,A
1426128133000,555532554,24.355217,37.522617,256,23.1,0,0,30,-1,A
1426128255000,555532554,24.339016,37.5197,256,23.2,0,0,30,-1,A
1426128376000,555532554,24.32305,37.516735,257,23.3,0,0,30,-1,A
1426128498000,555532554,24.30655,37.514668,266,23.4,0,0,30,-1,A
1426128623000,555532554,24.289734,37.51445,273,23.3,0,0,30,-1,A
1426128744000,555532554,24.273167,37.5164,286,23.3,0,0,30,-1,A
1426128870000,555532554,24.258183,37.52125,293,22.1,0,0,30,-1,A
1426128992000,555532554,24.243816,37.526016,293,22.1,0,0,30,-1,A
1426129122000,555532554,24.2282,37.531185,293,22.2,0,0,30,-1,A
1426129248000,555532554,24.2132,37.536182,293,22.1,0,0,30,-1,A
1426129370000,555532554,24.198784,37.540916,293,22.1,0,0,30,-1,A
1426129556000,555532554,24.176716,37.548134,293,22.3,0,0,30,-1,A
1426129779000,555532554,24.149933,37.557415,295,22.6,0,0,30,-1,A
1426129937000,555532554,24.130516,37.56445,295,22.8,0,0,30,-1,A
1426130129000,555532554,24.10715,37.5729,294,22.8,0,0,30,-1,A
1426130257000,555532554,24.091618,37.578617,294,22.9,0,0,30,-1,A
1426130405000,555532554,24.073616,37.58515,294,22.9,0,0,30,-1,A
1426130541000,555532554,24.057184,37.591118,295,22.8,0,0,30,-1,A
1426130667000,555532554,24.041866,37.596684,295,22.9,0,0,30,-1,A
1426130849000,555532554,24.0197,37.604935,295,22.9,0,0,30,-1,A
1426130975000,555532554,24.00495,37.6106,294,22.6,0,0,30,-1,A
1426131143000,555532554,23.98465,37.618484,295,22.9,0,0,30,-1,A
1426131277000,555532554,23.968834,37.624466,295,22.7,0,0,30,-1,A
1426131533000,555532554,23.938034,37.636433,294,22.4,0,0,30,-1,A
1426131658000,555532554,23.92415,37.642,295,22.2,0,0,30,-1,A
1426131942000,555532554,23.890066,37.655167,294,22.4,0,0,30,-1,A
1426132098000,555532554,23.871733,37.662365,295,22.6,0,0,30,-1,A
1426132229000,555532554,23.856417,37.6685,295,22.6,0,0,30,-1,A
1426132421000,555532554,23.83355,37.67745,295,22.6,0,0,30,-1,A
1426132547000,555532554,23.81935,37.68305,295,22.6,0,0,30,-1,A
1426132692000,555532554,23.801384,37.690067,295,22.7,0,0,30,-1,A
1426132818000,555532554,23.786583,37.695835,295,22.8,0,0,30,-1,A
1426132950000,555532554,23.770716,37.702084,295,22.8,0,0,30,-1,A
1426133075000,555532554,23.756117,37.708435,304,22.7,0,0,30,-1,A
1426133204000,555532554,23.745216,37.718483,327,22.3,0,0,30,-1,A
1426133327000,555532554,23.737333,37.72925,328,22.5,0,0,30,-1,A
1426133477000,555532554,23.727066,37.7434,328,22.5,0,0,30,-1,A
1426133663000,555532554,23.731434,37.7374,328,22.5,0,0,30,-1,A
1426133873000,555532554,23.70195,37.7798,331,22.6,0,0,30,-1,A
1426134029000,555532554,23.69275,37.794468,331,22.6,0,0,30,-1,A
1426134164000,555532554,23.68495,37.806965,331,22.6,0,0,30,-1,A
1426134351000,555532554,23.673883,37.8245,331,22.6,0,0,30,-1,A
1426134474000,555532554,23.6665,37.836235,331,22.6,0,0,30,-1,A
1426134635000,555532554,23.656967,37.851334,331,22.6,0,0,30,-1,A
1426134756000,555532554,23.649633,37.862568,331,22.6,0,0,30,-1,A
1426134876000,555532554,23.64235,37.87395,331,22.5,0,0,30,-1,A
1426135001000,555532554,23.634916,37.885433,330,22.4,0,0,30,-1,A
1426135157000,555532554,23.62555,37.899918,331,22.2,0,0,30,-1,A
1426135284000,555532554,23.619116,37.910934,333,19.9,0,0,30,-1,A
1426135410000,555532554,23.61475,37.920635,342,17.4,0,0,30,-1,A
1426135541000,555532554,23.6125,37.93095,355,17.2,0,0,30,-1,A
1426135662000,555532554,23.618717,37.937233,66,14.4,0,0,30,-1,A
1426135794000,555532554,23.627567,37.939865,63,11.4,0,0,30,-1,A
1426135914000,555532554,23.634716,37.94208,34,10.6,0,0,30,-1,A
1426136046000,555532554,23.639383,37.947735,45,10.0,0,0,30,-1,A
1426136169000,555532554,23.64095,37.947517,149,0.5,0,0,30,-1,A
1426136445000,555532554,23.641317,37.947918,184,0.0,0,0,30,-1,A
1426137665000,555532554,23.641333,37.94795,185,0.0,0,0,30,-1,A
1426138876000,555532554,23.641317,37.94795,184,0.0,0,0,30,-1,A
1426140215000,555532554,23.641333,37.947933,184,0.0,0,0,30,-1,A
1426141516000,555532554,23.64135,37.9479,184,0.0,0,0,30,-1,A
1426142835000,555532554,23.641367,37.947918,184,0.0,0,0,30,-1,A
1426144236000,555532554,23.641367,37.9479,184,0.0,0,0,30,-1,A
1426145449000,555532554,23.64135,37.947884,184,0.0,0,0,30,-1,A
1426146667000,555532554,23.641384,37.9479,184,0.0,0,0,30,-1,A
1426147966000,555532554,23.641367,37.9479,184,0.0,0,0,30,-1,A
1426149186000,555532554,23.64135,37.947933,184,0.0,0,0,30,-1,A
1426150605000,555532554,23.641333,37.948,184,0.0,0,0,30,-1,A
1426151888000,555532554,23.641317,37.9479,184,0.0,0,0,30,-1,A
1426153275000,555532554,23.641384,37.9479,184,0.0,0,0,30,-1,A
1426154572000,555532554,23.641384,37.947918,184,0.0,0,0,30,-1,A
1426155849000,555532554,23.641417,37.947968,184,0.0,0,0,30,-1,A
1426157167000,555532554,23.6414,37.947918,184,0.0,0,0,30,-1,A
1426158500000,555532554,23.641367,37.947968,184,0.0,0,0,30,-1,A
1426159796000,555532554,23.641384,37.947933,184,0.0,0,0,30,-1,A
1426161109000,555532554,23.641367,37.947884,184,0.0,0,0,30,-1,A
1426162596000,555532554,23.641384,37.94787,184,0.0,0,0,30,-1,A
1426163896000,555532554,23.6414,37.94785,184,0.0,0,0,30,-1,A
1426165127000,555532554,23.641333,37.947918,184,0.0,0,0,30,-1,A
1426166347000,555532554,23.6413,37.947933,184,0.0,0,0,30,-1,A
1426167556000,555532554,23.641333,37.947968,184,0.0,0,0,30,-1,A
1426168757000,555532554,23.64135,37.94795,184,0.0,0,0,30,-1,A
1426170077000,555532554,23.64135,37.94795,184,0.0,0,0,30,-1,A
1426171286000,555532554,23.6414,37.947884,184,0.0,0,0,30,-1,A
1426172597000,555532554,23.641384,37.947884,184,0.0,0,0,30,-1,A
1426173907000,555532554,23.6414,37.94785,184,0.0,0,0,30,-1,A
1426175216000,555532554,23.6413,37.94795,184,0.0,0,0,30,-1,A
1426176436000,555532554,23.64135,37.947918,184,0.0,0,0,30,-1,A
1426177182000,555532554,23.640917,37.94787,200,1.3,0,0,30,-1,A
1426177316000,555532554,23.638968,37.946384,218,6.8,0,0,30,-1,A
1426177475000,555532554,23.632767,37.940666,249,11.2,0,0,30,-1,A
1426177607000,555532554,23.624384,37.93865,246,11.8,0,0,30,-1,A
1426177736000,555532554,23.61445,37.934734,224,15.8,0,0,30,-1,A
1426177859000,555532554,23.613266,37.924767,178,19.7,0,0,30,-1,A
1426177986000,555532554,23.61385,37.911915,179,22.0,0,0,30,-1,A
1426178111000,555532554,23.61435,37.89895,179,22.1,0,0,30,-1,A
1426178244000,555532554,23.614767,37.885384,179,22.3,0,0,30,-1,A
1426178369000,555532554,23.615116,37.872417,178,22.3,0,0,30,-1,A
1426178489000,555532554,23.615467,37.860134,179,22.3,0,0,30,-1,A
1426178616000,555532554,23.61595,37.84705,179,22.4,0,0,30,-1,A
1426178742000,555532554,23.617184,37.834217,170,22.2,0,0,30,-1,A
1426178874000,555532554,23.6218,37.821182,157,22.1,0,0,30,-1,A
1426178999000,555532554,23.628866,37.8094,155,22.2,0,0,30,-1,A
1426179132000,555532554,23.636133,37.79695,154,22.3,0,0,30,-1,A
1426179259000,555532554,23.642933,37.785183,154,22.3,0,0,30,-1,A
1426179389000,555532554,23.650084,37.772865,155,22.4,0,0,30,-1,A
1426179510000,555532554,23.656683,37.76145,155,22.5,0,0,30,-1,A
1426179636000,555532554,23.663534,37.749565,155,22.4,0,0,30,-1,A
1426179761000,555532554,23.670366,37.737835,155,22.3,0,0,30,-1,A
1426179900000,555532554,23.67845,37.724834,153,22.4,0,0,30,-1,A
1426180031000,555532554,23.685984,37.71282,153,22.3,0,0,30,-1,A
1426180163000,555532554,23.693634,37.700485,153,22.3,0,0,30,-1,A
1426180289000,555532554,23.700733,37.68895,153,22.2,0,0,30,-1,A
1426180415000,555532554,23.707767,37.67737,153,22.0,0,0,30,-1,A
1426180545000,555532554,23.7167,37.666317,132,21.5,0,0,30,-1,A
1426180668000,555532554,23.729084,37.65917,120,21.5,0,0,30,-1,A
1426180801000,555532554,23.743668,37.653084,114,21.5,0,0,30,-1,A
1426180926000,555532554,23.758217,37.648365,109,21.5,0,0,30,-1,A
1426181052000,555532554,23.773083,37.643867,109,21.5,0,0,30,-1,A
1426181178000,555532554,23.788134,37.6396,106,21.6,0,0,30,-1,A
1426181304000,555532554,23.802984,37.635567,106,21.7,0,0,30,-1,A
1426181429000,555532554,23.81805,37.63143,106,21.7,0,0,30,-1,A
1426181556000,555532554,23.833317,37.627285,107,21.8,0,0,30,-1,A
1426181693000,555532554,23.849833,37.622818,106,21.8,0,0,30,-1,A
1426181826000,555532554,23.866066,37.618435,107,22.0,0,0,30,-1,A
1426181958000,555532554,23.881968,37.614166,107,22.0,0,0,30,-1,A
1426182090000,555532554,23.897818,37.609867,108,21.9,0,0,30,-1,A
1426182221000,555532554,23.91365,37.605335,108,22.1,0,0,30,-1,A
1426182356000,555532554,23.929733,37.6007,108,22.0,0,0,30,-1,A
1426182485000,555532554,23.945683,37.59615,108,22.2,0,0,30,-1,A
1426182611000,555532554,23.961134,37.5917,107,22.1,0,0,30,-1,A
1426182732000,555532554,23.9761,37.588,106,22.0,0,0,30,-1,A
1426182854000,555532554,23.990616,37.584282,106,22.0,0,0,30,-1,A
1426183002000,555532554,24.008667,37.5795,107,21.9,0,0,30,-1,A
1426183133000,555532554,24.024584,37.574867,107,21.8,0,0,30,-1,A
1426183259000,555532554,24.039417,37.57045,106,21.9,0,0,30,-1,A
1426183388000,555532554,24.054384,37.565884,107,21.8,0,0,30,-1,A
1426183512000,555532554,24.069483,37.5612,107,21.7,0,0,30,-1,A
1426183638000,555532554,24.084284,37.556835,106,21.8,0,0,30,-1,A
1426183759000,555532554,24.098917,37.55258,106,21.8,0,0,30,-1,A
1426183885000,555532554,24.114117,37.54825,105,22.0,0,0,30,-1,A
1426184017000,555532554,24.13005,37.543667,106,22.0,0,0,30,-1,A
1426184142000,555532554,24.144533,37.539482,105,21.9,0,0,30,-1,A
1426184267000,555532554,24.160267,37.534935,106,22.1,0,0,30,-1,A
1426184393000,555532554,24.175632,37.53042,105,22.1,0,0,30,-1,A
1426184520000,555532554,24.191032,37.526085,105,22.3,0,0,30,-1,A
1426184646000,555532554,24.2063,37.52185,106,22.4,0,0,30,-1,A
1426184772000,555532554,24.222166,37.517582,106,22.2,0,0,30,-1,A
1426184901000,555532554,24.23775,37.5134,105,22.4,0,0,30,-1,A
1426185029000,555532554,24.253216,37.50923,106,21.8,0,0,30,-1,A
1426185153000,555532554,24.26835,37.5068,94,21.3,0,0,30,-1,A
1426185277000,555532554,24.2839,37.507484,82,21.3,0,0,30,-1,A
1426185402000,555532554,24.299534,37.50825,82,21.3,0,0,30,-1,A
1426185528000,555532554,24.314533,37.508984,83,21.5,0,0,30,-1,A
1426185660000,555532554,24.33175,37.509766,83,21.4,0,0,30,-1,A
1426185786000,555532554,24.3474,37.51037,82,21.3,0,0,30,-1,A
1426185918000,555532554,24.363617,37.510967,83,20.9,0,0,30,-1,A
1426186044000,555532554,24.378767,37.511566,83,20.8,0,0,30,-1,A
1426186170000,555532554,24.39425,37.51235,82,20.6,0,0,30,-1,A
1426186301000,555532554,24.409883,37.513283,82,20.8,0,0,30,-1,A
1426186424000,555532554,24.4246,37.514168,83,21.0,0,0,30,-1,A
1426186553000,555532554,24.44055,37.515,82,21.2,0,0,30,-1,A
1426186680000,555532554,24.456333,37.5158,83,21.2,0,0,30,-1,A
1426186818000,555532554,24.473116,37.5165,83,21.2,0,0,30,-1,A
1426186955000,555532554,24.490084,37.51795,79,21.1,0,0,30,-1,A
1426187081000,555532554,24.5054,37.519768,75,21.4,0,0,30,-1,A
1426187201000,555532554,24.520184,37.521984,75,21.3,0,0,30,-1,A
1426187328000,555532554,24.535717,37.5243,75,21.4,0,0,30,-1,A
1426187453000,555532554,24.55095,37.526566,75,21.5,0,0,30,-1,A
1426187579000,555532554,24.566284,37.529583,69,21.4,0,0,30,-1,A
1426187706000,555532554,24.581484,37.533184,66,21.3,0,0,30,-1,A
1426187838000,555532554,24.5967,37.537617,63,21.2,0,0,30,-1,A
1426187964000,555532554,24.611366,37.542183,63,21.4,0,0,30,-1,A
1426188096000,555532554,24.62675,37.546932,64,21.6,0,0,30,-1,A
1426188228000,555532554,24.642416,37.551785,64,21.7,0,0,30,-1,A
1426188360000,555532554,24.65785,37.556583,64,21.8,0,0,30,-1,A
1426188491000,555532554,24.673584,37.561615,63,22.1,0,0,30,-1,A
1426188612000,555532554,24.688217,37.565567,71,22.3,0,0,30,-1,A
1426188738000,555532554,24.704716,37.56775,83,22.4,0,0,30,-1,A
1426188863000,555532554,24.720917,37.568233,83,22.4,0,0,30,-1,A
1426188996000,555532554,24.738184,37.568684,89,22.4,0,0,30,-1,A
1426189118000,555532554,24.753166,37.567883,90,22.4,0,0,30,-1,A
1426189277000,555532554,24.774866,37.565784,104,22.4,0,0,30,-1,A
1426189398000,555532554,24.789484,37.56115,110,22.6,0,0,30,-1,A
1426189524000,555532554,24.80475,37.55615,111,22.1,0,0,30,-1,A
1426189709000,555532554,24.827034,37.5481,113,22.5,0,0,30,-1,A
1426189836000,555532554,24.842318,37.5426,113,22.3,0,0,30,-1,A
1426189956000,555532554,24.8563,37.5377,114,22.2,0,0,30,-1,A
1426190081000,555532554,24.870966,37.532284,114,22.1,0,0,30,-1,A
1426190209000,555532554,24.885784,37.526985,114,22.0,0,0,30,-1,A
1426190345000,555532554,24.902166,37.52095,113,22.5,0,0,30,-1,A
1426190477000,555532554,24.917967,37.515266,112,22.5,0,0,30,-1,A
1426190609000,555532554,24.933584,37.509285,120,22.5,0,0,30,-1,A
1426190741000,555532554,24.9458,37.500633,139,22.1,0,0,30,-1,A
1426190867000,555532554,24.95495,37.48985,158,21.4,0,0,30,-1,A
1426191000000,555532554,24.95985,37.477318,168,21.3,0,0,30,-1,A
1426191121000,555532554,24.96285,37.46565,168,21.3,0,0,30,-1,A
1426191251000,555532554,24.964867,37.4527,173,21.4,0,0,30,-1,A
1426191376000,555532554,24.961317,37.44055,213,21.7,0,0,30,-1,A
1426191500000,555532554,24.9496,37.4351,262,18.2,0,0,30,-1,A
1426191622000,555532554,24.9416,37.4391,339,11.9,0,0,30,-1,A
1426191872000,555532554,24.942066,37.440166,127,0.0,0,0,30,-1,A
1426193221000,555532554,24.942034,37.440166,128,0.0,0,0,30,-1,A
1426193403000,555532554,24.943016,37.440117,99,2.9,0,0,30,-1,A
1426193532000,555532554,24.9471,37.435585,128,13.2,0,0,30,-1,A
1426193661000,555532554,24.958,37.437183,56,17.1,0,0,30,-1,A
1426193787000,555532554,24.970966,37.442516,56,20.4,0,0,30,-1,A
1426193919000,555532554,24.984917,37.448734,57,21.2,0,0,30,-1,A
1426194065000,555532554,25.000116,37.455467,59,21.5,0,0,30,-1,A
1426194199000,555532554,24.997484,37.454334,57,21.5,0,0,30,-1,A
1426194390000,555532554,25.033716,37.470585,57,21.3,0,0,30,-1,A
1426194513000,555532554,25.049366,37.477516,56,21.2,0,0,30,-1,A
1426194638000,555532554,25.062834,37.48345,57,21.2,0,0,30,-1,A
1426194765000,555532554,25.0766,37.4896,54,21.0,0,0,30,-1,A
1426194891000,555532554,25.08975,37.496067,54,21.3,0,0,30,-1,A
1426195013000,555532554,25.101767,37.501984,53,21.5,0,0,30,-1,A
1426195137000,555532554,25.116083,37.509033,53,21.5,0,0,30,-1,A
1426195262000,555532554,25.129168,37.5161,48,21.3,0,0,30,-1,A
1426195391000,555532554,25.140934,37.5238,44,20.8,0,0,30,-1,A
1426195521000,555532554,25.151318,37.5326,33,17.7,0,0,30,-1,A
1426195650000,555532554,25.154284,37.53745,325,3.2,0,0,30,-1,A
1426195796000,555532554,25.15555,37.536682,209,3.1,0,0,30,-1,A
1426195927000,555532554,25.156267,37.537735,190,0.3,0,0,30,-1,A
1426196574000,555532554,25.155533,37.53647,219,6.5,0,0,30,-1,A
1426196729000,555532554,25.154066,37.52985,160,16.0,0,0,30,-1,A
1426196850000,555532554,25.15615,37.525684,157,19.0,0,0,30,-1,A
1426197037000,555532554,25.187183,37.50923,119,22.0,0,0,30,-1,A
1426197165000,555532554,25.20105,37.503,118,22.1,0,0,30,-1,A
1426197295000,555532554,25.21595,37.49605,119,22.4,0,0,30,-1,A
1426197421000,555532554,25.230017,37.4894,119,22.4,0,0,30,-1,A
1426197552000,555532554,25.244734,37.4824,118,22.2,0,0,30,-1,A
1426197679000,555532554,25.258633,37.47537,119,22.0,0,0,30,-1,A
1426197835000,555532554,25.2753,37.467384,108,21.6,0,0,30,-1,A
1426197967000,555532554,25.2914,37.463882,98,21.7,0,0,30,-1,A
1426198098000,555532554,25.308134,37.46282,81,21.0,0,0,30,-1,A
1426198225000,555532554,25.320967,37.464184,86,15.2,0,0,30,-1,A
1426198410000,555532554,25.323284,37.463615,210,0.3,0,0,30,-1,A
1426199655000,555532554,25.3233,37.463615,211,0.1,0,0,30,-1,A
1426200975000,555532554,25.323284,37.463615,212,0.0,0,0,30,-1,A
1426201906000,555532554,25.322567,37.463234,278,1.5,0,0,30,-1,A
1426202028000,555532554,25.3205,37.4635,289,4.8,0,0,30,-1,A
1426202156000,555532554,25.311234,37.465218,289,15.7,0,0,30,-1,A
1426202285000,555532554,25.297234,37.468884,289,20.7,0,0,30,-1,A
1426202416000,555532554,25.281416,37.473232,289,21.8,0,0,30,-1,A
1426202544000,555532554,25.265966,37.477,289,22.3,0,0,30,-1,A
1426202674000,555532554,25.249483,37.4811,290,22.1,0,0,30,-1,A
1426202801000,555532554,25.234066,37.485233,289,22.2,0,0,30,-1,A
1426202927000,555532554,25.218817,37.489567,289,22.1,0,0,30,-1,A
1426203053000,555532554,25.20385,37.494133,293,22.0,0,0,30,-1,A
1426203178000,555532554,25.189583,37.50012,299,21.8,0,0,30,-1,A
1426203310000,555532554,25.175966,37.507183,304,20.5,0,0,30,-1,A
1426203442000,555532554,25.16415,37.515182,314,20.0,0,0,30,-1,A
1426203569000,555532554,25.15485,37.52455,335,19.9,0,0,30,-1,A
1426203701000,555532554,25.15345,37.5343,5,13.7,0,0,30,-1,A
1426203877000,555532554,25.154266,37.536568,252,3.2,0,0,30,-1,A
1426204095000,555532554,25.1563,37.5377,192,0.2,0,0,30,-1,A
1426205017000,555532554,25.156233,37.5375,201,2.0,0,0,30,-1,A
1426205140000,555532554,25.149017,37.533318,239,17.3,0,0,30,-1,A
1426205264000,555532554,25.135683,37.526733,240,22.1,0,0,30,-1,A
1426205394000,555532554,25.120983,37.519615,239,22.6,0,0,30,-1,A
1426205518000,555532554,25.107567,37.512783,240,22.5,0,0,30,-1,A
1426205647000,555532554,25.093033,37.505432,240,22.3,0,0,30,-1,A
1426205780000,555532554,25.07855,37.498165,239,22.3,0,0,30,-1,A
1426205904000,555532554,25.06475,37.491283,240,22.4,0,0,30,-1,A
1426206030000,555532554,25.050783,37.48435,240,22.3,0,0,30,-1,A
1426206157000,555532554,25.036367,37.477383,240,22.7,0,0,30,-1,A
1426206283000,555532554,25.022316,37.47072,240,22.6,0,0,30,-1,A
1426206409000,555532554,25.008116,37.463768,239,22.5,0,0,30,-1,A
1426206553000,555532554,24.992933,37.456318,237,22.4,0,0,30,-1,A
1426206685000,555532554,24.977734,37.44845,237,22.4,0,0,30,-1,A
1426206810000,555532554,24.96425,37.44115,233,22.1,0,0,30,-1,A
1426206939000,555532554,24.950033,37.43508,264,21.1,0,0,30,-1,A
1426207060000,555532554,24.941517,37.43928,346,11.6,0,0,30,-1,A
1426207182000,555532554,24.942,37.440033,126,1.5,0,0,30,-1,A
1426207368000,555532554,24.941967,37.4401,129,0.0,0,0,30,-1,A
1426208730000,555532554,24.94195,37.4401,131,0.0,0,0,30,-1,A
1426209880000,555532554,24.942217,37.440166,118,1.0,0,0,30,-1,A
1426210010000,555532554,24.9463,37.43635,134,13.2,0,0,30,-1,A
1426210131000,555532554,24.9561,37.438133,25,17.3,0,0,30,-1,A
1426210254000,555532554,24.958134,37.449635,3,20.8,0,0,30,-1,A
1426210393000,555532554,24.958982,37.463432,358,21.6,0,0,30,-1,A
1426210524000,555532554,24.957333,37.476532,348,21.8,0,0,30,-1,A
1426210647000,555532554,24.952784,37.488266,323,21.7,0,0,30,-1,A
1426210779000,555532554,24.943768,37.49898,324,22.2,0,0,30,-1,A
1426210907000,555532554,24.9316,37.506584,288,22.0,0,0,30,-1,A
1426211034000,555532554,24.914917,37.511482,288,22.0,0,0,30,-1,A
1426211160000,555532554,24.899883,37.51597,289,21.8,0,0,30,-1,A
1426211293000,555532554,24.884567,37.520084,283,21.8,0,0,30,-1,A
1426211418000,555532554,24.868116,37.52055,269,21.8,0,0,30,-1,A
1426211540000,555532554,24.853266,37.52065,269,22.1,0,0,30,-1,A
1426211670000,555532554,24.835634,37.520634,269,22.3,0,0,30,-1,A
1426211797000,555532554,24.8191,37.520634,268,22.3,0,0,30,-1,A
1426211929000,555532554,24.8022,37.520535,268,22.1,0,0,30,-1,A
1426212061000,555532554,24.785067,37.52035,268,22.1,0,0,30,-1,A
1426212187000,555532554,24.768784,37.520218,269,22.1,0,0,30,-1,A
1426212313000,555532554,24.75235,37.520065,269,22.2,0,0,30,-1,A
1426212437000,555532554,24.737867,37.519966,268,22.2,0,0,30,-1,A
1426212559000,555532554,24.72045,37.519783,269,22.3,0,0,30,-1,A
1426212690000,555532554,24.703533,37.519684,269,22.3,0,0,30,-1,A
1426212816000,555532554,24.686867,37.519585,269,22.3,0,0,30,-1,A
1426212942000,555532554,24.670767,37.519382,269,22.3,0,0,30,-1,A
1426213063000,555532554,24.6551,37.519115,269,22.2,0,0,30,-1,A
1426213190000,555532554,24.638968,37.51875,269,22.2,0,0,30,-1,A
1426213333000,555532554,24.620266,37.51877,276,21.8,0,0,30,-1,A
1426213465000,555532554,24.603617,37.52,275,21.7,0,0,30,-1,A
1426213585000,555532554,24.588766,37.521732,284,21.3,0,0,30,-1,A
1426213716000,555532554,24.572783,37.5249,284,21.7,0,0,30,-1,A
1426213842000,555532554,24.557434,37.52788,284,21.7,0,0,30,-1,A
1426213969000,555532554,24.5416,37.531017,283,22.1,0,0,30,-1,A
1426214095000,555532554,24.525833,37.53417,284,22.2,0,0,30,-1,A
1426214221000,555532554,24.51005,37.537334,283,22.1,0,0,30,-1,A
1426214353000,555532554,24.4936,37.540634,283,22.2,0,0,30,-1,A
1426214479000,555532554,24.4776,37.543633,284,22.3,0,0,30,-1,A
1426214605000,555532554,24.46155,37.5466,279,22.2,0,0,30,-1,A
1426214737000,555532554,24.444717,37.5456,254,22.4,0,0,30,-1,A
1426214869000,555532554,24.427784,37.5417,254,22.7,0,0,30,-1,A
1426214992000,555532554,24.412533,37.538284,253,22.9,0,0,30,-1,A
1426215116000,555532554,24.396166,37.53475,254,23.0,0,0,30,-1,A
1426215243000,555532554,24.379683,37.531185,254,23.1,0,0,30,-1,A
1426215365000,555532554,24.364334,37.52788,253,23.0,0,0,30,-1,A
1426215486000,555532554,24.347967,37.524235,253,23.0,0,0,30,-1,A
1426215610000,555532554,24.332134,37.520634,254,23.1,0,0,30,-1,A
1426215732000,555532554,24.316233,37.51685,254,23.2,0,0,30,-1,A
1426215886000,555532554,24.296234,37.513016,259,23.3,0,0,30,-1,A
1426216008000,555532554,24.279833,37.5132,285,22.8,0,0,30,-1,A
1426216134000,555532554,24.26435,37.51795,292,22.6,0,0,30,-1,A
1426216258000,555532554,24.249416,37.522934,291,22.2,0,0,30,-1,A
1426216396000,555532554,24.23345,37.52885,293,22.3,0,0,30,-1,A
1426216518000,555532554,24.219316,37.53425,293,22.2,0,0,30,-1,A
1426216652000,555532554,24.20395,37.539818,292,22.1,0,0,30,-1,A
1426216783000,555532554,24.188284,37.54525,292,22.0,0,0,30,-1,A
1426216913000,555532554,24.172466,37.55045,291,21.9,0,0,30,-1,A
1426217037000,555532554,24.158617,37.5552,295,21.6,0,0,30,-1,A
1426217164000,555532554,24.14325,37.560585,294,21.9,0,0,30,-1,A
1426217294000,555532554,24.128616,37.565834,293,22.0,0,0,30,-1,A
1426217422000,555532554,24.112867,37.571518,294,22.2,0,0,30,-1,A
1426217542000,555532554,24.098867,37.576565,293,22.1,0,0,30,-1,A
1426217671000,555532554,24.0848,37.5816,294,22.1,0,0,30,-1,A
1426217794000,555532554,24.06925,37.587215,294,22.2,0,0,30,-1,A
1426217931000,555532554,24.0544,37.59265,294,22.2,0,0,30,-1,A
1426218056000,555532554,24.040033,37.597733,294,22.3,0,0,30,-1,A
1426218189000,555532554,24.024416,37.603382,294,22.3,0,0,30,-1,A
1426218344000,555532554,24.004566,37.61085,293,22.5,0,0,30,-1,A
1426218521000,555532554,23.983284,37.618965,294,22.4,0,0,30,-1,A
1426218648000,555532554,23.988966,37.6168,294,22.5,0,0,30,-1,A
1426218845000,555532554,23.944967,37.63355,294,22.7,0,0,30,-1,A
1426218977000,555532554,23.929117,37.63975,294,22.8,0,0,30,-1,A
1426219109000,555532554,23.913467,37.64585,293,22.8,0,0,30,-1,A
1426219241000,555532554,23.89765,37.651917,295,22.6,0,0,30,-1,A
1426219379000,555532554,23.881683,37.6592,298,22.7,0,0,30,-1,A
1426219510000,555532554,23.866734,37.666065,298,22.7,0,0,30,-1,A
1426219642000,555532554,23.851482,37.6731,298,22.7,0,0,30,-1,A
1426219763000,555532554,23.8377,37.679432,297,22.7,0,0,30,-1,A
1426219889000,555532554,23.8233,37.686016,298,22.7,0,0,30,-1,A
1426220020000,555532554,23.808233,37.692932,298,22.7,0,0,30,-1,A
1426220152000,555532554,23.7928,37.69998,298,22.7,0,0,30,-1,A
1426220285000,555532554,23.77765,37.706833,297,22.8,0,0,30,-1,A
1426220441000,555532554,23.759266,37.71488,297,22.9,0,0,30,-1,A
1426220591000,555532554,23.741783,37.72285,306,22.8,0,0,30,-1,A
1426220711000,555532554,23.732666,37.73287,328,22.3,0,0,30,-1,A
1426220837000,555532554,23.724966,37.74428,330,22.4,0,0,30,-1,A
1426220968000,555532554,23.717167,37.756268,330,22.4,0,0,30,-1,A
1426221088000,555532554,23.709682,37.7676,330,22.7,0,0,30,-1,A
1426221209000,555532554,23.702484,37.778732,330,22.7,0,0,30,-1,A
1426221341000,555532554,23.694416,37.79117,330,22.6,0,0,30,-1,A
1426221502000,555532554,23.684784,37.8061,330,22.6,0,0,30,-1,A
1426221635000,555532554,23.67685,37.81855,330,22.6,0,0,30,-1,A
1426221761000,555532554,23.669283,37.8304,329,22.5,0,0,30,-1,A
1426221881000,555532554,23.662117,37.84145,330,22.5,0,0,30,-1,A
1426222007000,555532554,23.6544,37.853317,329,22.4,0,0,30,-1,A
1426222133000,555532554,23.646917,37.864834,330,22.5,0,0,30,-1,A
1426222259000,555532554,23.639217,37.8766,330,22.5,0,0,30,-1,A
1426222397000,555532554,23.6316,37.889633,334,22.0,0,0,30,-1,A
1426222522000,555532554,23.626,37.9002,334,18.6,0,0,30,-1,A
1426222679000,555532554,23.62015,37.911415,334,16.4,0,0,30,-1,A
1426222799000,555532554,23.616234,37.919235,333,13.6,0,0,30,-1,A
1426222931000,555532554,23.61385,37.9252,345,7.5,0,0,30,-1,A
1426223061000,555532554,23.613483,37.928368,350,4.9,0,0,30,-1,A
1426223201000,555532554,23.613384,37.93095,354,3.7,0,0,30,-1,A
1426223321000,555532554,23.613567,37.932884,4,3.5,0,0,30,-1,A
1426223445000,555532554,23.617983,37.936733,64,11.4,0,0,30,-1,A
1426223572000,555532554,23.62655,37.939617,62,12.3,0,0,30,-1,A
1426223702000,555532554,23.63475,37.942017,35,10.5,0,0,30,-1,A
1426223862000,555532554,23.64025,37.948,86,6.9,0,0,30,-1,A
1426224051000,555532554,23.641117,37.9478,190,1.1,0,0,30,-1,A
1426224240000,555532554,23.64135,37.947933,184,0.0,0,0,30,-1,A
1426225551000,555532554,23.641367,37.947933,184,0.0,0,0,30,-1,A
1426226841000,555532554,23.641384,37.947918,184,0.0,0,0,30,-1,A
1426228182000,555532554,23.641483,37.947918,184,0.0,0,0,30,-1,A
1426229483000,555532554,23.641367,37.947918,184,0.0,0,0,30,-1,A
1426230693000,555532554,23.6414,37.947918,184,0.0,0,0,30,-1,A
1426232090000,555532554,23.641417,37.9479,184,0.0,0,0,30,-1,A
1426233311000,555532554,23.641417,37.947918,184,0.0,0,0,30,-1,A
1426234521000,555532554,23.641384,37.947933,184,0.0,0,0,30,-1,A
1426235721000,555532554,23.641384,37.947933,184,0.0,0,0,30,-1,A
1426237022000,555532554,23.64135,37.947968,184,0.0,0,0,30,-1,A
1426238310000,555532554,23.641384,37.948017,184,0.0,0,0,30,-1,A
1426239602000,555532554,23.6414,37.947918,184,0.0,0,0,30,-1,A
1426240902000,555532554,23.641367,37.947884,184,0.0,0,0,30,-1,A
1426242120000,555532554,23.64145,37.94795,184,0.0,0,0,30,-1,A
1426243453000,555532554,23.6414,37.9479,184,0.0,0,0,30,-1,A
1426244692000,555532554,23.64135,37.947983,184,0.0,0,0,30,-1,A
1426245912000,555532554,23.641283,37.94795,184,0.0,0,0,30,-1,A
1426247212000,555532554,23.641417,37.94787,184,0.0,0,0,30,-1,A
1426248453000,555532554,23.641384,37.947834,184,0.0,0,0,30,-1,A
1426249872000,555532554,23.641367,37.9478,184,0.0,0,0,30,-1,A
1426251191000,555532554,23.641367,37.9478,184,0.0,0,0,30,-1,A
1426252404000,555532554,23.641384,37.947918,184,0.0,0,0,30,-1,A
1426253611000,555532554,23.641333,37.9479,184,0.0,0,0,30,-1,A
1426254953000,555532554,23.64135,37.947968,184,0.0,0,0,30,-1,A
1426256351000,555532554,23.64135,37.947968,184,0.0,0,0,30,-1,A
1426257551000,555532554,23.64145,37.947884,184,0.0,0,0,30,-1,A
1426258840000,555532554,23.6414,37.947884,184,0.0,0,0,30,-1,A
1426260151000,555532554,23.64145,37.94785,184,0.0,0,0,30,-1,A
1426261362000,555532554,23.641384,37.9479,184,0.0,0,0,30,-1,A
1426262661000,555532554,23.6414,37.947918,184,0.0,0,0,30,-1,A
1426263861000,555532554,23.640383,37.947582,216,1.9,0,0,30,-1,A
1426264040000,555532554,23.63595,37.942318,213,11.1,0,0,30,-1,A
1426264160000,555532554,23.628468,37.9399,256,11.6,0,0,30,-1,A
1426264291000,555532554,23.6195,37.936916,246,14.2,0,0,30,-1,A
1426264421000,555532554,23.610683,37.92985,183,18.6,0,0,30,-1,A
1426264549000,555532554,23.611383,37.91725,178,22.0,0,0,30,-1,A
1426264675000,555532554,23.612167,37.904034,178,22.3,0,0,30,-1,A
1426264802000,555532554,23.612934,37.891182,177,22.3,0,0,30,-1,A
1426264964000,555532554,23.613983,37.87435,177,22.3,0,0,30,-1,A
1426265084000,555532554,23.614983,37.861984,174,22.3,0,0,30,-1,A
1426265209000,555532554,23.618284,37.8493,162,22.1,0,0,30,-1,A
1426265335000,555532554,23.622868,37.836834,165,22.3,0,0,30,-1,A
1426265461000,555532554,23.627434,37.824585,161,22.1,0,0,30,-1,A
1426265582000,555532554,23.632732,37.812683,158,22.3,0,0,30,-1,A
1426265737000,555532554,23.64025,37.797768,158,22.4,0,0,30,-1,A
1426265863000,555532554,23.646383,37.7855,159,22.4,0,0,30,-1,A
1426265989000,555532554,23.652384,37.773266,159,22.5,0,0,30,-1,A
1426266119000,555532554,23.6594,37.761433,153,22.4,0,0,30,-1,A
1426266241000,555532554,23.666933,37.74967,153,22.4,0,0,30,-1,A
1426266371000,555532554,23.6744,37.738068,153,22.5,0,0,30,-1,A
1426266499000,555532554,23.682167,37.725815,152,22.5,0,0,30,-1,A
1426266661000,555532554,23.6916,37.710716,152,22.4,0,0,30,-1,A
1426266787000,555532554,23.6989,37.698917,152,22.3,0,0,30,-1,A
1426266913000,555532554,23.707283,37.687634,145,22.3,0,0,30,-1,A
1426267081000,555532554,23.720516,37.6741,138,22.0,0,0,30,-1,A
1426267219000,555532554,23.73235,37.663567,134,22.1,0,0,30,-1,A
1426267345000,555532554,23.7439,37.65447,133,22.1,0,0,30,-1,A
1426267473000,555532554,23.756617,37.646484,119,22.1,0,0,30,-1,A
1426267604000,555532554,23.7724,37.641266,105,22.1,0,0,30,-1,A
1426267729000,555532554,23.787834,37.637367,106,22.3,0,0,30,-1,A
1426267851000,555532554,23.802584,37.6336,106,22.3,0,0,30,-1,A
1426267976000,555532554,23.81845,37.629566,106,22.3,0,0,30,-1,A
1426268108000,555532554,23.834566,37.625484,105,22.3,0,0,30,-1,A
1426268240000,555532554,23.8511,37.62125,106,22.4,0,0,30,-1,A
1426268372000,555532554,23.867666,37.61698,106,22.4,0,0,30,-1,A
1426268503000,555532554,23.883883,37.612865,106,22.5,0,0,30,-1,A
1426268641000,555532554,23.901333,37.6086,106,22.5,0,0,30,-1,A
1426268775000,555532554,23.917816,37.604282,107,22.6,0,0,30,-1,A
1426268899000,555532554,23.933517,37.600117,107,22.4,0,0,30,-1,A
1426269025000,555532554,23.949284,37.595867,108,22.4,0,0,30,-1,A
1426269152000,555532554,23.964634,37.59155,108,22.5,0,0,30,-1,A
1426269284000,555532554,23.981133,37.58685,108,22.6,0,0,30,-1,A
1426269415000,555532554,23.997433,37.58215,108,22.5,0,0,30,-1,A
1426269571000,555532554,24.016733,37.57645,108,22.4,0,0,30,-1,A
1426269704000,555532554,24.033066,37.571617,108,22.5,0,0,30,-1,A
1426269836000,555532554,24.048666,37.56695,107,21.9,0,0,30,-1,A
1426269968000,555532554,24.0646,37.562183,107,22.1,0,0,30,-1,A
1426270093000,555532554,24.07995,37.557533,107,22.3,0,0,30,-1,A
1426270219000,555532554,24.0956,37.5528,107,22.4,0,0,30,-1,A
1426270357000,555532554,24.112333,37.54795,106,22.4,0,0,30,-1,A
1426270489000,555532554,24.12855,37.543484,106,22.3,0,0,30,-1,A
1426270622000,555532554,24.14485,37.538918,105,22.2,0,0,30,-1,A
1426270748000,555532554,24.160316,37.534683,106,22.3,0,0,30,-1,A
1426270873000,555532554,24.175884,37.53068,106,22.3,0,0,30,-1,A
1426271005000,555532554,24.1922,37.52665,106,22.0,0,0,30,-1,A
1426271125000,555532554,24.206684,37.5231,105,21.8,0,0,30,-1,A
1426271257000,555532554,24.222866,37.519115,105,21.7,0,0,30,-1,A
1426271384000,555532554,24.238,37.515266,105,21.6,0,0,30,-1,A
1426271510000,555532554,24.252966,37.511635,102,21.7,0,0,30,-1,A
1426271642000,555532554,24.269417,37.50923,92,21.6,0,0,30,-1,A
1426271774000,555532554,24.285933,37.50925,86,21.5,0,0,30,-1,A
1426271905000,555532554,24.30245,37.509483,86,21.5,0,0,30,-1,A
1426272043000,555532554,24.319717,37.50965,86,21.5,0,0,30,-1,A
1426272164000,555532554,24.334883,37.5098,85,21.4,0,0,30,-1,A
1426272289000,555532554,24.350416,37.509968,86,21.5,0,0,30,-1,A
1426272427000,555532554,24.367716,37.51015,86,21.5,0,0,30,-1,A
1426272566000,555532554,24.385216,37.51035,86,21.5,0,0,30,-1,A
1426272691000,555532554,24.400667,37.510468,86,21.3,0,0,30,-1,A
1426272823000,555532554,24.417166,37.51063,86,21.3,0,0,30,-1,A
1426272950000,555532554,24.432867,37.51085,86,21.4,0,0,30,-1,A
1426273075000,555532554,24.448517,37.5111,86,21.4,0,0,30,-1,A
1426273201000,555532554,24.4644,37.511368,84,21.5,0,0,30,-1,A
1426273333000,555532554,24.48115,37.51175,85,21.7,0,0,30,-1,A
1426273466000,555532554,24.497816,37.5125,82,21.7,0,0,30,-1,A
1426273591000,555532554,24.513483,37.513485,81,21.8,0,0,30,-1,A
1426273723000,555532554,24.53035,37.5145,82,21.9,0,0,30,-1,A
1426273843000,555532554,24.5457,37.515465,82,22.1,0,0,30,-1,A
1426273964000,555532554,24.560234,37.51642,82,22.1,0,0,30,-1,A
1426274095000,555532554,24.5781,37.517616,82,22.2,0,0,30,-1,A
1426274222000,555532554,24.5945,37.518684,82,22.2,0,0,30,-1,A
1426274354000,555532554,24.611433,37.519768,82,22.2,0,0,30,-1,A
1426274479000,555532554,24.6277,37.52043,84,22.2,0,0,30,-1,A
1426274600000,555532554,24.642467,37.521,83,22.2,0,0,30,-1,A
1426274725000,555532554,24.6595,37.521633,83,22.4,0,0,30,-1,A
1426274854000,555532554,24.67615,37.522335,84,22.3,0,0,30,-1,A
1426274983000,555532554,24.693,37.5231,83,22.3,0,0,30,-1,A
1426275109000,555532554,24.709517,37.523834,84,22.3,0,0,30,-1,A
1426275239000,555532554,24.722,37.524384,84,22.3,0,0,30,-1,A
1426275428000,555532554,24.750834,37.52463,89,22.3,0,0,30,-1,A
1426275556000,555532554,24.767233,37.524284,89,22.3,0,0,30,-1,A
1426275679000,555532554,24.783583,37.52392,89,22.3,0,0,30,-1,A
1426275804000,555532554,24.7962,37.52365,89,22.3,0,0,30,-1,A
1426275932000,555532554,24.816366,37.523216,89,22.3,0,0,30,-1,A
1426276059000,555532554,24.831116,37.522915,89,22.2,0,0,30,-1,A
1426276189000,555532554,24.849766,37.5226,88,22.2,0,0,30,-1,A
1426276314000,555532554,24.865084,37.5226,83,22.0,0,0,30,-1,A
1426276442000,555532554,24.8684,37.52275,84,21.9,0,0,30,-1,A
1426276567000,555532554,24.897467,37.520283,104,22.1,0,0,30,-1,A
1426276694000,555532554,24.91165,37.516884,103,22.1,0,0,30,-1,A
1426276827000,555532554,24.92685,37.51255,115,22.0,0,0,30,-1,A
1426276950000,555532554,24.94105,37.50515,128,21.9,0,0,30,-1,A
1426277075000,555532554,24.951834,37.494884,143,21.4,0,0,30,-1,A
1426277265000,555532554,24.959917,37.47893,168,21.5,0,0,30,-1,A
1426277389000,555532554,24.963034,37.46493,173,21.4,0,0,30,-1,A
1426277552000,555532554,24.9643,37.4487,188,21.5,0,0,30,-1,A
1426277675000,555532554,24.956966,37.438118,232,21.2,0,0,30,-1,A
1426277800000,555532554,24.944384,37.4362,301,14.9,0,0,30,-1,A
1426277926000,555532554,24.942484,37.44045,69,3.3,0,0,30,-1,A
1426278108000,555532554,24.942034,37.440117,129,0.0,0,0,30,-1,A
1426279450000,555532554,24.941967,37.440132,130,0.0,0,0,30,-1,A
1426279707000,555532554,24.9428,37.440083,123,3.3,0,0,30,-1,A
1426279843000,555532554,24.9495,37.434967,101,15.8,0,0,30,-1,A
1426279996000,555532554,24.965967,37.4406,56,21.0,0,0,30,-1,A
1426280186000,555532554,24.953117,37.434982,72,17.2,0,0,30,-1,A
1426280367000,555532554,24.987267,37.4501,57,21.3,0,0,30,-1,A
1426280726000,555532554,25.044884,37.47595,56,21.4,0,0,30,-1,A
1426280850000,555532554,25.0578,37.48168,57,21.4,0,0,30,-1,A
1426280978000,555532554,25.073067,37.488285,56,21.5,0,0,30,-1,A
1426281200000,555532554,25.0974,37.498768,56,21.5,0,0,30,-1,A
1426281332000,555532554,25.1106,37.5048,53,21.4,0,0,30,-1,A
1426281481000,555532554,25.127216,37.5136,49,21.6,0,0,30,-1,A
1426281614000,555532554,25.139084,37.5214,43,21.5,0,0,30,-1,A
1426281787000,555532554,25.1533,37.53462,32,17.0,0,0,30,-1,A
1426281968000,555532554,25.156616,37.5376,171,2.9,0,0,30,-1,A
1426282398000,555532554,25.156433,37.537766,187,0.0,0,0,30,-1,A
1426282697000,555532554,25.156282,37.537266,213,3.4,0,0,30,-1,A
1426282847000,555532554,25.1548,37.52885,158,17.2,0,0,30,-1,A
1426283006000,555532554,25.167517,37.518215,118,21.5,0,0,30,-1,A
1426283132000,555532554,25.181517,37.511967,118,22.1,0,0,30,-1,A
1426283252000,555532554,25.19505,37.505783,119,22.1,0,0,30,-1,A
1426283397000,555532554,25.20955,37.499016,118,21.9,0,0,30,-1,A
1426283545000,555532554,25.2273,37.49055,119,21.9,0,0,30,-1,A
1426283688000,555532554,25.241333,37.483818,119,21.8,0,0,30,-1,A
1426283816000,555532554,25.256783,37.476166,119,21.9,0,0,30,-1,A
1426283943000,555532554,25.2703,37.46925,118,21.9,0,0,30,-1,A
1426284068000,555532554,25.284517,37.4636,113,22.1,0,0,30,-1,A
1426284200000,555532554,25.300484,37.4585,109,22.0,0,0,30,-1,A
1426284324000,555532554,25.314117,37.457516,75,16.9,0,0,30,-1,A
1426284445000,555532554,25.322332,37.461666,55,14.5,0,0,30,-1,A
1426284651000,555532554,25.326584,37.462284,176,2.7,0,0,30,-1,A
1426284842000,555532554,25.326366,37.462734,176,0.0,0,0,30,-1,A
1426286191000,555532554,25.326384,37.46275,177,0.0,0,0,30,-1,A
1426287532000,555532554,25.326384,37.46277,178,0.0,0,0,30,-1,A
1426288292000,555532554,25.326567,37.46205,178,2.6,0,0,30,-1,A
1426288417000,555532554,25.321466,37.459217,276,11.8,0,0,30,-1,A
1426288543000,555532554,25.30925,37.462215,289,19.3,0,0,30,-1,A
1426288668000,555532554,25.294867,37.466232,290,21.6,0,0,30,-1,A
1426288800000,555532554,25.278917,37.47075,289,21.9,0,0,30,-1,A
1426288932000,555532554,25.262783,37.47468,288,22.3,0,0,30,-1,A
1426289064000,555532554,25.246134,37.47895,288,22.5,0,0,30,-1,A
1426289197000,555532554,25.229733,37.48335,289,22.5,0,0,30,-1,A
1426289335000,555532554,25.212816,37.488117,289,22.5,0,0,30,-1,A
1426289460000,555532554,25.1977,37.49335,294,22.4,0,0,30,-1,A
1426289598000,555532554,25.18255,37.501034,303,22.3,0,0,30,-1,A
1426289718000,555532554,25.1707,37.508816,309,22.0,0,0,30,-1,A
1426289841000,555532554,25.160717,37.517315,320,21.8,0,0,30,-1,A
1426289965000,555532554,25.153017,37.5287,347,20.2,0,0,30,-1,A
1426290091000,555532554,25.154333,37.5367,7,9.7,0,0,30,-1,A
1426290235000,555532554,25.155233,37.536484,214,3.0,0,0,30,-1,A
1426290482000,555532554,25.1564,37.537716,191,0.2,0,0,30,-1,A
1426291096000,555532554,25.156067,37.537216,220,3.4,0,0,30,-1,A
1426291223000,555532554,25.148266,37.53295,239,16.9,0,0,30,-1,A
1426291349000,555532554,25.1348,37.52635,239,22.4,0,0,30,-1,A
1426291486000,555532554,25.119467,37.51875,239,22.8,0,0,30,-1,A
1426291612000,555532554,25.105383,37.511383,239,22.8,0,0,30,-1,A
1426291738000,555532554,25.091333,37.50387,239,23.0,0,0,30,-1,A
1426291859000,555532554,25.078,37.496834,239,23.0,0,0,30,-1,A
1426291980000,555532554,25.064266,37.489685,239,23.0,0,0,30,-1,A
1426292102000,555532554,25.050766,37.48275,239,23.0,0,0,30,-1,A
1426292224000,555532554,25.0367,37.475666,239,23.0,0,0,30,-1,A
1426292347000,555532554,25.02275,37.46863,239,23.1,0,0,30,-1,A
1426292468000,555532554,25.009167,37.461884,238,23.0,0,0,30,-1,A
1426292608000,555532554,24.99305,37.45395,239,23.0,0,0,30,-1,A
1426292730000,555532554,24.978834,37.4471,239,23.0,0,0,30,-1,A
1426292851000,555532554,24.967382,37.441483,239,22.8,0,0,30,-1,A
1426292972000,555532554,24.950817,37.435165,260,22.0,0,0,30,-1,A
1426293095000,555532554,24.94185,37.438484,331,12.3,0,0,30,-1,A
1426293339000,555532554,24.942,37.44015,126,0.0,0,0,30,-1,A
1426294660000,555532554,24.941984,37.440166,126,0.0,0,0,30,-1,A
1426295164000,555532554,24.943216,37.439785,140,4.6,0,0,30,-1,A
1426295293000,555532554,24.950367,37.4349,88,16.4,0,0,30,-1,A
1426295413000,555532554,24.958317,37.442284,4,19.6,0,0,30,-1,A
1426295538000,555532554,24.959366,37.454685,358,21.8,0,0,30,-1,A
1426295671000,555532554,24.95925,37.468266,348,22.0,0,0,30,-1,A
1426295796000,555532554,24.956816,37.48095,348,22.0,0,0,30,-1,A
1426295929000,555532554,24.95005,37.492966,323,21.7,0,0,30,-1,A
1426296055000,555532554,24.940617,37.503166,312,21.6,0,0,30,-1,A
1426296210000,555532554,24.923134,37.5104,289,22.0,0,0,30,-1,A
1426296331000,555532554,24.908733,37.514782,289,22.2,0,0,30,-1,A
1426296468000,555532554,24.891666,37.519382,281,22.2,0,0,30,-1,A
1426296589000,555532554,24.876266,37.52005,269,22.3,0,0,30,-1,A
1426296774000,555532554,24.851883,37.52005,269,22.5,0,0,30,-1,A
1426296907000,555532554,24.834433,37.520016,269,22.5,0,0,30,-1,A
1426297038000,555532554,24.818666,37.51995,268,22.5,0,0,30,-1,A
1426297164000,555532554,24.800684,37.51985,268,22.5,0,0,30,-1,A
1426297284000,555532554,24.7849,37.51975,269,22.5,0,0,30,-1,A
1426297406000,555532554,24.769234,37.519585,269,22.6,0,0,30,-1,A
1426297537000,555532554,24.7517,37.519382,269,22.7,0,0,30,-1,A
1426297669000,555532554,24.734217,37.519184,269,22.7,0,0,30,-1,A
1426297801000,555532554,24.716618,37.519,269,22.7,0,0,30,-1,A
1426297932000,555532554,24.699284,37.51885,269,22.7,0,0,30,-1,A
1426298064000,555532554,24.681883,37.518684,269,22.5,0,0,30,-1,A
1426298189000,555532554,24.667583,37.51855,269,22.5,0,0,30,-1,A
1426298322000,555532554,24.648067,37.518417,269,22.5,0,0,30,-1,A
1426298442000,555532554,24.632467,37.51832,269,22.5,0,0,30,-1,A
1426298568000,555532554,24.615967,37.5182,269,22.4,0,0,30,-1,A
1426298694000,555532554,24.5994,37.5181,269,22.2,0,0,30,-1,A
1426298821000,555532554,24.583216,37.518017,268,22.3,0,0,30,-1,A
1426298953000,555532554,24.565783,37.51775,267,22.4,0,0,30,-1,A
1426299079000,555532554,24.549616,37.517433,267,22.4,0,0,30,-1,A
1426299205000,555532554,24.5329,37.51715,267,22.4,0,0,30,-1,A
1426299330000,555532554,24.516516,37.516884,268,22.5,0,0,30,-1,A
1426299463000,555532554,24.499184,37.5166,268,22.6,0,0,30,-1,A
1426299588000,555532554,24.482683,37.516315,268,22.7,0,0,30,-1,A
1426299709000,555532554,24.466484,37.516033,267,22.8,0,0,30,-1,A
1426299836000,555532554,24.45525,37.515865,268,23.0,0,0,30,-1,A
1426299956000,555532554,24.433268,37.515533,268,23.2,0,0,30,-1,A
1426300080000,555532554,24.428534,37.51545,268,23.2,0,0,30,-1,A
1426300203000,555532554,24.400066,37.5137,264,23.4,0,0,30,-1,A
1426300327000,555532554,24.382984,37.51215,262,23.4,0,0,30,-1,A
1426300449000,555532554,24.366617,37.510517,262,23.4,0,0,30,-1,A
1426300571000,555532554,24.3502,37.509216,264,23.4,0,0,30,-1,A
1426300697000,555532554,24.332983,37.507935,264,23.3,0,0,30,-1,A
1426300819000,555532554,24.316566,37.506817,264,23.4,0,0,30,-1,A
