TIMESTAMP,MMSI,LON,LAT,X,Y,HEADING,COURSE,SPEED,NAVIGATIONAL_STATUS,TYPE,STATION,CLASS
1425756386000,555532555,24.670284,37.55308,5618364.037609697,1733300.2420704463,68,21.9,0,0,30,-1,A
1425756632000,555532555,24.700483,37.5602,5620863.3688212335,1734588.004111081,72,22.2,0,0,30,-1,A
1425756895000,555532555,24.734066,37.564217,5623715.60685587,1735596.8988192019,79,22.1,0,0,30,-1,A
1425757148000,555532555,24.76655,37.564583,5626540.608446031,1736191.1487272764,89,22.0,0,0,30,-1,A
1425757418000,555532555,24.800516,37.558716,5629612.8877942115,1736134.0728844039,109,22.0,0,0,30,-1,A
1425757671000,555532555,24.829683,37.547882,5632361.547758454,1735455.8418513718,114,21.9,0,0,30,-1,A
1425757915000,555532555,24.857983,37.53768,5635023.131200925,1734832.5381018722,120,21.5,0,0,30,-1,A
1425758164000,555532555,24.8852,37.52667,5637606.220572368,1734103.7489480982,113,21.4,0,0,30,-1,A
1425758464000,555532555,24.920218,37.514366,5640894.859683444,1733369.9420366047,111,21.9,0,0,30,-1,A
1425758726000,555532555,24.946983,37.499935,5643505.285361332,1732263.591618773,138,21.2,0,0,30,-1,A
1425758984000,555532555,24.960266,37.4772,5645099.742985646,1730021.714077667,169,21.3,0,0,30,-1,A
1425759230000,555532555,24.9652,37.452717,5645999.744954561,1727445.383257846,175,21.8,0,0,30,-1,A
1425759476000,555532555,24.949368,37.434933,5644958.731644126,1725237.5392787815,267,18.8,0,0,30,-1,A
1425759724000,555532555,24.942284,37.440018,5644242.990731005,1725667.7211344172,120,1.2,0,0,30,-1,A
1425759907000,555532555,24.942034,37.440132,5644218.986010873,1725675.7875881454,126,0.1,0,0,30,-1,A
1425761047000,555532555,24.942383,37.440266,5644246.884629011,1725696.3984670604,90,1.0,0,0,30,-1,A
1425761312000,555532555,24.956882,37.4364,5645586.541795779,1725527.217122229,59,16.4,0,0,30,-1,A
1425761601000,555532555,24.987484,37.44775,5648039.733668343,1727291.9977169982,57,21.0,0,0,30,-1,A
1425761793000,555532555,25.008034,37.45627,5649669.188623451,1728575.2753079499,59,20.6,0,0,30,-1,A
1425762080000,555532555,25.038567,37.468666,5652094.226663,1730454.162562345,60,20.6,0,0,30,-1,A
1425762332000,555532555,25.06525,37.480133,5654200.221118439,1732165.8325288405,54,20.6,0,0,30,-1,A
1425762597000,555532555,25.092867,37.492634,5656366.6414133655,1734006.936360863,54,20.8,0,0,30,-1,A
1425762866000,555532555,25.1207,37.506016,5658533.689229034,1735948.344043168,49,20.7,0,0,30,-1,A
1425763167000,555532555,25.146334,37.525818,5660383.215737045,1738549.771053538,34,20.9,0,0,30,-1,A
1425763526000,555532555,25.155567,37.5366,5660978.053600616,1739883.5986219577,206,3.1,0,0,30,-1,A
1425764401000,555532555,25.156134,37.537285,5661014.127942377,1739967.997919688,212,3.1,0,0,30,-1,A
1425764657000,555532555,25.161566,37.521366,5661796.884371778,1738333.0450787426,123,20.4,0,0,30,-1,A
1425764913000,555532555,25.19095,37.508,5664617.358619307,1737396.5407761903,118,22.5,0,0,30,-1,A
1425765184000,555532555,25.22125,37.4943,5667524.909170261,1736441.0416157348,119,22.0,0,0,30,-1,A
1425765447000,555532555,25.249666,37.479683,5670286.948290518,1735353.8561840914,118,21.9,0,0,30,-1,A
1425765711000,555532555,25.2783,37.465935,5673051.768958354,1734366.0645673757,106,21.5,0,0,30,-1,A
1425765968000,555532555,25.3083,37.46065,5675770.416857171,1734323.1565109864,78,19.2,0,0,30,-1,A
1425766282000,555532555,25.32435,37.46303,5677122.704458644,1734866.4583015116,205,1.2,0,0,30,-1,A
1425766481000,555532555,25.324217,37.463116,5677109.4232230745,1734873.442038422,209,0.0,0,0,30,-1,A
1425767772000,555532555,25.3244,37.4632,5677123.724227389,1734885.8166843131,207,0.0,0,0,30,-1,A
1425769093000,555532555,25.324484,37.4632,5677131.045765062,1734887.307488203,205,0.0,0,0,30,-1,A
1425769841000,555532555,25.324368,37.4631,5677122.89877308,1734874.383465055,212,1.1,0,0,30,-1,A
1425770121000,555532555,25.313217,37.464718,5676119.19671252,1734852.3556008611,288,15.9,0,0,30,-1,A
1425770371000,555532555,25.2859,37.4716,5673603.276766358,1735116.1366863193,289,20.9,0,0,30,-1,A
1425770630000,555532555,25.2542,37.47888,5670697.827615089,1735346.671071269,289,22.7,0,0,30,-1,A
1425770894000,555532555,25.221134,37.48778,5667642.02367701,1735730.4329728996,293,22.5,0,0,30,-1,A
1425771172000,555532555,25.206833,37.4927,5666299.656253057,1736013.2051233638,294,22.3,0,0,30,-1,A
1425771421000,555532555,25.165434,37.515266,5662252.53764162,1737737.931910983,313,20.9,0,0,30,-1,A
1425771684000,555532555,25.153717,37.53395,5660868.409088515,1739563.1171041534,358,14.0,0,0,30,-1,A
1425771909000,555532555,25.15535,37.53655,5660960.12245872,1739874.3579856958,208,3.0,0,0,30,-1,A
1425772098000,555532555,25.156334,37.537716,5661023.170324089,1740018.3523545035,188,0.6,0,0,30,-1,A
1425772289000,555532555,25.15645,37.537766,5661032.302928511,1740025.8216249922,189,0.0,0,0,30,-1,A
1425772654000,555532555,25.156166,37.537266,5661017.284877276,1739966.4940393372,217,3.1,0,0,30,-1,A
1425772944000,555532555,25.133234,37.5246,5659265.463287717,1738187.8251661493,238,21.5,0,0,30,-1,A
1425773226000,555532555,25.102917,37.50828,5656939.846468644,1735883.3291586908,239,22.7,0,0,30,-1,A
1425773412000,555532555,25.082384,37.497166,5655365.045668133,1734316.4419579385,238,22.6,0,0,30,-1,A
1425773665000,555532555,25.05505,37.48275,5653260.194776479,1732272.4253253527,239,22.8,0,0,30,-1,A
1425773976000,555532555,25.019667,37.46467,5650522.489088801,1729690.7629134303,238,22.7,0,0,30,-1,A
1425774165000,555532555,25.005583,37.45775,5649426.874574337,1728693.5639783402,240,22.6,0,0,30,-1,A
1425774348000,555532555,24.97765,37.444584,5647242.285950092,1726777.1080139996,239,22.5,0,0,30,-1,A
1425774540000,555532555,24.954983,37.435966,5645429.092275728,1725447.1252543284,252,22.2,0,0,30,-1,A
1425774849000,555532555,24.942083,37.4402,5644221.961408537,1725684.0290727832,117,1.1,0,0,30,-1,A
1425775035000,555532555,24.942017,37.4401,5644218.11469063,1725672.0141329886,128,0.0,0,0,30,-1,A
1425776349000,555532555,24.94195,37.440117,5644211.940866336,1725672.7025365431,129,0.0,0,0,30,-1,A
1425776532000,555532555,24.9424,37.440132,5644250.933860535,1725682.1238345215,82,1.4,0,0,30,-1,A
1425776934000,555532555,24.959133,37.44695,5645580.831403492,1726713.229997783,359,20.3,0,0,30,-1,A
1425777191000,555532555,24.958817,37.473133,5645051.317247215,1729554.4302272561,349,21.7,0,0,30,-1,A
1425777383000,555532555,24.951483,37.49122,5644064.803463277,1731393.9243845616,327,22.3,0,0,30,-1,A
1425777673000,555532555,24.923334,37.510334,5641243.740922927,1732985.3537810799,290,23.3,0,0,30,-1,A
1425777990000,555532555,24.885134,37.521015,5637708.435803061,1733487.673107345,274,22.3,0,0,30,-1,A
1425778177000,555532555,24.857967,37.52252,5635310.682580918,1733183.6405968063,272,22.4,0,0,30,-1,A
1425778472000,555532555,24.819883,37.5246,5631949.823651129,1732755.6500212587,273,22.1,0,0,30,-1,A
1425778777000,555532555,24.78065,37.526466,5628492.641566562,1732286.4227893555,276,22.1,0,0,30,-1,A
1425779096000,555532555,24.739017,37.529,5624813.280630726,1731850.7009181872,275,22.6,0,0,30,-1,A
1425779359000,555532555,24.7048,37.531433,5621782.581272873,1731532.2289145708,275,22.3,0,0,30,-1,A
1425779612000,555532555,24.67205,37.534218,5618873.15181566,1731278.3409706783,275,22.4,0,0,30,-1,A
1425779864000,555532555,24.63975,37.536835,5616006.0994690675,1731015.0705193854,275,22.0,0,0,30,-1,A
1425780127000,555532555,24.60615,37.5395,5613024.680258702,1730736.274612217,275,22.2,0,0,30,-1,A
1425780391000,555532555,24.5717,37.542435,5609963.994221114,1730473.8508738673,276,22.4,0,0,30,-1,A
1425780649000,555532555,24.538067,37.545334,5606975.229724326,1730222.6611827745,276,22.7,0,0,30,-1,A
1425780963000,555532555,24.496634,37.5488,5603295.239193408,1729903.5956030881,276,22.9,0,0,30,-1,A
1425781146000,555532555,24.47245,37.5508,5601147.668448193,1729715.7879891843,276,22.9,0,0,30,-1,A
1425781390000,555532555,24.440317,37.550884,5598341.872953341,1729187.2650061392,247,22.5,0,0,30,-1,A
1425781940000,555532555,24.3711,37.5307,5592672.680179107,1725836.325490446,249,22.8,0,0,30,-1,A
1425782256000,555532555,24.33125,37.5187,5589413.561447125,1723868.0818349202,253,23.3,0,0,30,-1,A
1425782505000,555532555,24.298384,37.51275,5586652.0002000015,1722675.6614730128,266,23.6,0,0,30,-1,A
1425782752000,555532555,24.265867,37.51705,5583732.591873907,1722605.947458712,292,22.8,0,0,30,-1,A
1425782998000,555532555,24.237234,37.52735,5581042.995127767,1723254.6925976505,295,21.7,0,0,30,-1,A
1425783383000,555532555,24.19345,37.544018,5576914.516081239,1724348.6913902224,294,21.7,0,0,30,-1,A
1425783586000,555532555,24.169884,37.552483,5574702.1906084195,1724883.4303495444,293,21.9,0,0,30,-1,A
1425783838000,555532555,24.139833,37.562935,5571887.802143784,1725529.076955861,293,22.3,0,0,30,-1,A
1425784102000,555532555,24.1078,37.572433,5568918.172164007,1726039.6426147611,289,22.3,0,0,30,-1,A
1425784354000,555532555,24.076866,37.581367,5566055.212685319,1726507.9915973714,293,22.5,0,0,30,-1,A
1425784607000,555532555,24.04665,37.592,5563224.757513519,1727174.2429788236,295,22.3,0,0,30,-1,A
1425784804000,555532555,24.023317,37.600517,5561033.94075916,1727722.870842142,296,22.2,0,0,30,-1,A
1425785074000,555532555,23.992134,37.61297,5558087.379541246,1728573.7778964238,296,22.4,0,0,30,-1,A
1425785345000,555532555,23.960716,37.625534,5555119.036743337,1729434.252002953,294,22.3,0,0,30,-1,A
1425785638000,555532555,23.9264,37.639317,5551876.659925081,1730382.1174396623,295,22.3,0,0,30,-1,A
1425785920000,555532555,23.893534,37.652283,5548776.306747641,1731265.8184803128,295,22.5,0,0,30,-1,A
1425786209000,555532555,23.859434,37.665833,5545558.654720278,1732194.7752940543,294,22.6,0,0,30,-1,A
1425786460000,555532555,23.8298,37.677734,5542760.87924996,1733016.9870261357,294,22.6,0,0,30,-1,A
1425786754000,555532555,23.795067,37.69158,5539484.367885169,1733970.938327442,294,22.6,0,0,30,-1,A
1425787001000,555532555,23.765966,37.703133,5536740.688847156,1734766.203327078,295,22.6,0,0,30,-1,A
1425787283000,555532555,23.740084,37.723366,5534125.000973817,1736559.5353963973,328,22.3,0,0,30,-1,A
1425787540000,555532555,23.7251,37.747433,5532392.97793231,1738944.4137821132,334,22.3,0,0,30,-1,A
1425787786000,555532555,23.711983,37.770733,5530837.967998685,1741275.714140192,333,22.4,0,0,30,-1,A
1425788044000,555532555,23.6969,37.79475,5529099.606057781,1743654.4194375032,330,22.4,0,0,30,-1,A
1425788302000,555532555,23.681833,37.818733,5527363.9757116325,1746030.1181474838,330,22.4,0,0,30,-1,A
1425788554000,555532555,23.667284,37.841618,5525693.532338611,1748294.7566118268,330,22.6,0,0,30,-1,A
1425788800000,555532555,23.65155,37.86505,5523910.976406617,1750600.7633966063,328,22.7,0,0,30,-1,A
1425789047000,555532555,23.6356,37.8877,5522124.130297275,1752818.5991864654,328,22.6,0,0,30,-1,A
1425789298000,555532555,23.620117,37.9098,5520388.327494962,1754984.2846926537,331,20.4,0,0,30,-1,A
1425789550000,555532555,23.61205,37.9314,5519307.088768147,1757212.26763842,3,19.3,0,0,30,-1,A
1425789796000,555532555,23.62385,37.93852,5520208.314781401,1758173.7080517092,62,6.8,0,0,30,-1,A
1425790059000,555532555,23.634684,37.941917,5521090.7862676745,1758714.2536549137,34,9.9,0,0,30,-1,A
1425790427000,555532555,23.641216,37.947933,5521552.929293779,1759472.7552992497,190,1.2,0,0,30,-1,A
1425790626000,555532555,23.641367,37.94795,5521565.760345496,1759476.9830126585,184,0.0,0,0,30,-1,A
1425792046000,555532555,23.641417,37.947968,5521569.79124077,1759479.731467782,184,0.0,0,0,30,-1,A
1425793558000,555532555,23.6413,37.947933,5521560.233591413,1759474.0762363886,184,0.0,0,0,30,-1,A
1425795001000,555532555,23.641434,37.947983,5521571.005407764,1759481.6339496674,184,0.0,0,0,30,-1,A
1425796440000,555532555,23.641367,37.947918,5521566.323717987,1759473.4947005059,184,0.0,0,0,30,-1,A
1425797880000,555532555,23.641417,37.947968,5521569.79124077,1759479.731467782,184,0.0,0,0,30,-1,A
1425799319000,555532555,23.64155,37.947968,5521581.356365755,1759481.8229851671,184,0.0,0,0,30,-1,A
1425800758000,555532555,23.64145,37.947933,5521573.276975975,1759476.4350728334,184,0.0,0,0,30,-1,A
1425802201000,555532555,23.641434,37.947918,5521572.1497639865,1759474.5483162517,184,0.0,0,0,30,-1,A
1425803638000,555532555,23.641417,37.947933,5521570.4074318195,1759475.9161266023,184,0.0,0,0,30,-1,A
1425805078000,555532555,23.6414,37.947968,5521568.312991416,1759479.464132435,184,0.0,0,0,30,-1,A
1425806519000,555532555,23.6414,37.9479,5521569.510160845,1759472.0514694892,184,0.0,0,0,30,-1,A
1425807958000,555532555,23.64135,37.9478,5521566.922898731,1759460.3642154601,184,0.0,0,0,30,-1,A
1425809400000,555532555,23.6414,37.947884,5521569.79184761,1759470.3073135742,184,0.0,0,0,30,-1,A
1425810841000,555532555,23.641417,37.947918,5521570.671513608,1759474.2809804254,184,0.0,0,0,30,-1,A
1425812281000,555532555,23.64145,37.94795,5521572.9776824955,1759478.2882384346,184,0.0,0,0,30,-1,A
1425813718000,555532555,23.6414,37.947968,5521568.312991416,1759479.464132435,184,0.0,0,0,30,-1,A
1425815159000,555532555,23.64145,37.947933,5521573.276975975,1759476.4350728334,184,0.0,0,0,30,-1,A
1425816600000,555532555,23.6414,37.947884,5521569.79184761,1759470.3073135742,184,0.0,0,0,30,-1,A
1425818038000,555532555,23.641434,37.94787,5521572.994826401,1759469.3158487708,184,0.0,0,0,30,-1,A
1425819481000,555532555,23.641384,37.947815,5521569.615324371,1759462.5340316189,184,0.0,0,0,30,-1,A
1425820919000,555532555,23.64135,37.9479,5521565.162363871,1759471.2651903883,184,0.0,0,0,30,-1,A
1425822358000,555532555,23.64135,37.94787,5521565.690524578,1759467.994897804,184,0.0,0,0,30,-1,A
1425823798000,555532555,23.641367,37.94795,5521565.760345496,1759476.9830126585,184,0.0,0,0,30,-1,A
1425825240000,555532555,23.641384,37.94795,5521567.238595372,1759477.250347415,184,0.0,0,0,30,-1,A
1425826848000,555532555,23.64145,37.9479,5521573.857957239,1759472.8377514577,184,0.0,0,0,30,-1,A
1425828121000,555532555,23.64145,37.94787,5521574.386121801,1759469.5674593952,183,0.0,0,0,30,-1,A
1425829368000,555532555,23.6414,37.9479,5521569.510160845,1759472.0514694892,183,0.0,0,0,30,-1,A
1425830640000,555532555,23.641367,37.947918,5521566.323717987,1759473.4947005059,183,0.0,0,0,30,-1,A
1425831718000,555532555,23.6409,37.947834,5521527.19408013,1759456.9941587509,199,1.4,0,0,30,-1,A
1425832020000,555532555,23.631716,37.940517,5520857.300557462,1758514.9898158882,256,11.5,0,0,30,-1,A
1425832340000,555532555,23.613184,37.927418,5519475.671409943,1756795.977471917,178,19.6,0,0,30,-1,A
1425832611000,555532555,23.614067,37.900017,5520033.704681323,1753822.8274669873,179,22.4,0,0,30,-1,A
1425832920000,555532555,23.615917,37.86767,5520762.631331911,1750325.8089935423,175,22.4,0,0,30,-1,A
1425833192000,555532555,23.619783,37.839684,5521590.526057931,1747335.9708030967,172,22.3,0,0,30,-1,A
1425833450000,555532555,23.62625,37.813717,5522609.705114324,1744607.250259958,159,22.2,0,0,30,-1,A
1425833702000,555532555,23.64075,37.7901,5524288.040173981,1742261.3439915678,153,22.2,0,0,30,-1,A
1425833954000,555532555,23.65605,37.766785,5526031.511057876,1739961.3884485816,153,22.4,0,0,30,-1,A
1425834235000,555532555,23.672617,37.74125,5527925.273933006,1737439.9522045548,153,22.4,0,0,30,-1,A
1425834481000,555532555,23.68735,37.718266,5529614.976582376,1735168.0350160939,153,22.3,0,0,30,-1,A
1425834745000,555532555,23.7035,37.694084,5531450.140356753,1732788.4347662688,149,22.2,0,0,30,-1,A
1425835009000,555532555,23.72525,37.673283,5533715.282906869,1730866.6022847553,133,22.1,0,0,30,-1,A
1425835273000,555532555,23.75455,37.66055,5536497.903761793,1729944.6711577526,112,22.0,0,0,30,-1,A
1425835538000,555532555,23.7857,37.649765,5539408.24135695,1729265.6099860654,111,22.0,0,0,30,-1,A
1425835791000,555532555,23.8151,37.63925,5542161.59471597,1728589.2451022356,112,22.2,0,0,30,-1,A
1425836071000,555532555,23.848633,37.62685,5545309.93366904,1727774.838315751,112,22.4,0,0,30,-1,A
1425836366000,555532555,23.884016,37.614616,5548617.627817899,1727009.6831468942,106,22.5,0,0,30,-1,A
1425836618000,555532555,23.9152,37.60535,5551506.331236653,1726501.8140319295,107,22.7,0,0,30,-1,A
1425836899000,555532555,23.9502,37.59535,5554741.942874514,1725976.81624912,107,22.6,0,0,30,-1,A
1425837170000,555532555,23.983583,37.585934,5557826.418561894,1725490.7986536853,108,22.5,0,0,30,-1,A
1425837434000,555532555,24.015017,37.573666,5560792.498318963,1724663.96839954,111,22.4,0,0,30,-1,A
1425837698000,555532555,24.046383,37.56288,5563726.628377648,1723998.7103590255,107,22.2,0,0,30,-1,A
1425837992000,555532555,24.081917,37.5517,5567032.595426811,1723359.7468045922,102,22.3,0,0,30,-1,A
1425838243000,555532555,24.112833,37.543133,5569888.463098837,1722931.4428338544,103,22.3,0,0,30,-1,A
1425838496000,555532555,24.143682,37.535133,5572728.615493269,1722564.978286658,103,22.1,0,0,30,-1,A
1425838748000,555532555,24.175467,37.528015,5575634.888547603,1722311.0921323607,102,22.3,0,0,30,-1,A
1425839003000,555532555,24.207083,37.52165,5578512.992924897,1722137.6513849637,103,22.6,0,0,30,-1,A
1425839264000,555532555,24.240417,37.5145,5581555.797721458,1721908.3113335427,101,22.2,0,0,30,-1,A
1425839521000,555532555,24.271383,37.508385,5584373.089977728,1721753.864762251,102,20.4,0,0,30,-1,A
1425839780000,555532555,24.30225,37.509132,5587056.095084066,1722345.8680709957,83,20.6,0,0,30,-1,A
1425840049000,555532555,24.3345,37.510284,5589852.170299904,1723005.9974904796,83,20.6,0,0,30,-1,A
1425840308000,555532555,24.365366,37.5122,5592512.936888472,1723727.438836183,79,20.4,0,0,30,-1,A
1425840572000,555532555,24.396366,37.51505,5595167.7728680745,1724553.838568838,78,20.4,0,0,30,-1,A
1425840829000,555532555,24.4266,37.518684,5597740.750263538,1725453.8376771046,75,20.0,0,0,30,-1,A
1425841094000,555532555,24.456766,37.5233,5600289.0702673,1726460.5749733124,73,19.7,0,0,30,-1,A
1425841358000,555532555,24.48725,37.529533,5602834.509900136,1727649.6010124618,70,20.5,0,0,30,-1,A
1425841611000,555532555,24.515633,37.536182,5605188.114634762,1728849.5904315554,65,20.2,0,0,30,-1,A
1425841874000,555532555,24.54505,37.544567,5607598.851560077,1730256.7398913184,63,20.5,0,0,30,-1,A
1425842126000,555532555,24.573517,37.553,5609924.952552451,1731654.0001369142,61,19.9,0,0,30,-1,A
1425842377000,555532555,24.600933,37.56205,5612146.990245104,1733101.4813601898,54,20.2,0,0,30,-1,A
1425842635000,555532555,24.628134,37.573235,5614309.348934421,1734778.3822771509,64,20.6,0,0,30,-1,A
1425842890000,555532555,24.65865,37.577816,5616883.982808633,1735793.7955147417,91,21.6,0,0,30,-1,A
1425843146000,555532555,24.69115,37.574482,5619780.240353383,1735982.9234515764,93,22.0,0,0,30,-1,A
1425843422000,555532555,24.726734,37.571,5622948.158693753,1736209.7534137724,94,22.4,0,0,30,-1,A
1425843675000,555532555,24.759216,37.567734,5625841.571385177,1736408.6004777304,95,22.3,0,0,30,-1,A
1425843933000,555532555,24.79225,37.56365,5628798.633470426,1736529.18066192,99,22.2,0,0,30,-1,A
1425844185000,555532555,24.822466,37.55345,5631626.458650725,1735937.5685515858,116,22.3,0,0,30,-1,A
1425844441000,555532555,24.8522,37.542,5634436.611905235,1735202.9085496191,116,21.9,0,0,30,-1,A
1425844700000,555532555,24.882483,37.531116,5637284.4378128685,1734540.4119497275,116,21.8,0,0,30,-1,A
1425844958000,555532555,24.911367,37.51905,5640033.462287105,1733726.428214731,115,21.6,0,0,30,-1,A
1425845228000,555532555,24.9403,37.505665,5642812.669641495,1732770.981784243,129,21.2,0,0,30,-1,A
1425845492000,555532555,24.9577,37.483833,5644748.708897502,1730698.4294344338,160,21.2,0,0,30,-1,A
1425845756000,555532555,24.962433,37.457916,5645658.5916025825,1727962.6596759155,174,21.6,0,0,30,-1,A
1425846014000,555532555,24.95245,37.435833,5645210.530420159,1725388.7781503643,251,20.4,0,0,30,-1,A
1425846325000,555532555,24.942066,37.440132,5644221.779266849,1725676.3415707464,125,1.3,0,0,30,-1,A
1425846521000,555532555,24.942017,37.440117,5644217.789248453,1725673.8624326745,127,0.1,0,0,30,-1,A
1425847885000,555532555,24.9423,37.440266,5644239.639641662,1725694.9615489221,107,0.9,0,0,30,-1,A
1425848169000,555532555,24.951233,37.43545,5645111.631847597,1725326.0545241716,71,12.6,0,0,30,-1,A
1425848431000,555532555,24.97655,37.44475,5647143.098502824,1726776.0684944664,58,20.4,0,0,30,-1,A
1425848755000,555532555,25.01155,37.4588,5649927.295289453,1728911.4493429025,58,20.8,0,0,30,-1,A
1425849012000,555532555,25.03955,37.46975,5652159.077137466,1730589.1241484797,59,20.9,0,0,30,-1,A
1425849264000,555532555,25.067,37.480316,5654349.2981482195,1732216.2579606741,59,20.6,0,0,30,-1,A
1425849528000,555532555,25.093834,37.492016,5656462.906751537,1733956.6592418812,54,20.0,0,0,30,-1,A
1425849816000,555532555,25.117733,37.5024,5658345.180160546,1735503.3647646743,49,14.3,0,0,30,-1,A
1425850066000,555532555,25.132183,37.509384,5659469.172290387,1736515.5125921387,38,11.0,0,0,30,-1,A
1425850326000,555532555,25.141,37.5155,5660118.833163958,1737334.7763257765,26,5.7,0,0,30,-1,A
1425850597000,555532555,25.14645,37.520916,5660488.549388242,1738018.991784384,13,5.7,0,0,30,-1,A
1425850886000,555532555,25.15405,37.53602,5660857.179992823,1739793.9509682974,13,9.6,0,0,30,-1,A
1425851218000,555532555,25.156384,37.53768,5661028.225747462,1740015.316428303,186,0.7,0,0,30,-1,A
1425851417000,555532555,25.156433,37.53775,5661031.133145461,1740023.7843638505,188,0.1,0,0,30,-1,A
1425851973000,555532555,25.15615,37.53723,5661016.591027723,1739962.3004730027,219,3.3,0,0,30,-1,A
1425852226000,555532555,25.161283,37.52088,5661781.676765431,1738275.2554243798,127,20.4,0,0,30,-1,A
1425852488000,555532555,25.190083,37.507515,5664551.255869276,1737328.5832807391,118,22.4,0,0,30,-1,A
1425852771000,555532555,25.221767,37.4934,5667587.527806451,1736352.3447440865,118,22.5,0,0,30,-1,A
1425853035000,555532555,25.252167,37.479168,5670515.001656888,1735342.0593648523,119,22.3,0,0,30,-1,A
1425853286000,555532555,25.280216,37.466583,5673206.096789014,1734470.3813085398,107,21.6,0,0,30,-1,A
1425853581000,555532555,25.3155,37.463215,5676347.685046479,1734729.5382779238,70,17.8,0,0,30,-1,A
1425853887000,555532555,25.323483,37.46353,5677037.31745332,1734905.3981435462,200,0.1,0,0,30,-1,A
1425855289000,555532555,25.3234,37.463615,5677028.414037435,1734913.1607091748,204,0.0,0,0,30,-1,A
1425856619000,555532555,25.323334,37.463634,5677022.288336051,1734914.0538610956,206,0.0,0,0,30,-1,A
1425856804000,555532555,25.322666,37.463066,5676975.217430504,1734840.484505433,271,0.6,0,0,30,-1,A
1425856993000,555532555,25.32165,37.463467,5676878.787835243,1734866.0255730592,348,0.8,0,0,30,-1,A
1425857178000,555532555,25.3135,37.46435,5676151.085060466,1734817.3893884358,288,15.0,0,0,30,-1,A
1425857442000,555532555,25.285482,37.471382,5673571.114200472,1735085.0493188163,288,21.1,0,0,30,-1,A
1425857701000,555532555,25.252884,37.47865,5670587.622015961,1735298.4327629327,288,22.1,0,0,30,-1,A
1425857958000,555532555,25.222534,37.488033,5667759.105861509,1735782.6025904797,294,21.5,0,0,30,-1,A
1425858205000,555532555,25.194916,37.49895,5665139.267363863,1736482.7240716731,299,21.4,0,0,30,-1,A
1425858451000,555532555,25.1699,37.5126,5662693.548101062,1737526.581939294,308,21.2,0,0,30,-1,A
1425858713000,555532555,25.153084,37.531868,5660853.733088978,1739325.7179422327,355,17.1,0,0,30,-1,A
1425859028000,555532555,25.156334,37.5374,5661029.314144613,1739984.0055430818,190,3.4,0,0,30,-1,A
1425859220000,555532555,25.15635,37.53775,5661023.903034983,1740022.3285382467,190,0.2,0,0,30,-1,A
1425859731000,555532555,25.155317,37.536667,5660954.973189026,1739886.4962236292,237,6.4,0,0,30,-1,A
1425860060000,555532555,25.125,37.520683,5658623.989559449,1737617.8717644284,239,22.6,0,0,30,-1,A
1425860339000,555532555,25.095234,37.504818,5656337.191492767,1735372.708933074,238,22.8,0,0,30,-1,A
1425860595000,555532555,25.065533,37.489067,5654052.360625582,1733141.9364852624,239,22.8,0,0,30,-1,A
1425860847000,555532555,25.0372,37.474415,5651864.183891369,1731055.3197561877,238,22.8,0,0,30,-1,A
1425861087000,555532555,25.010216,37.460934,5649769.85755844,1729120.246896862,239,22.8,0,0,30,-1,A
1425861395000,555532555,24.975567,37.443966,5647072.3505053315,1726673.7785937134,241,22.8,0,0,30,-1,A
1425861654000,555532555,24.94535,37.43577,5644591.956491046,1725258.9520122886,292,17.3,0,0,30,-1,A
1425861973000,555532555,24.941933,37.44005,5644211.739565744,1725665.123759222,132,0.2,0,0,30,-1,A
1425863313000,555532555,24.94185,37.44005,5644204.494546027,1725663.6868807168,134,0.0,0,0,30,-1,A
1425863564000,555532555,24.9503,37.434616,5645046.160997301,1725219.2185934675,93,16.6,0,0,30,-1,A
1425863814000,555532555,24.960466,37.453484,5645571.914862172,1727446.7156513317,358,21.5,0,0,30,-1,A
1425864083000,555532555,24.9583,37.481018,5644855.025394723,1730402.7628631399,350,22.2,0,0,30,-1,A
1425864336000,555532555,24.942516,37.503017,5643056.656106019,1732521.3997256905,311,22.2,0,0,30,-1,A
1425864629000,555532555,24.9073,37.516468,5639728.199023796,1733375.4731813204,288,22.5,0,0,30,-1,A
1425864888000,555532555,24.874634,37.5222,5636770.207375877,1733435.6701237601,273,22.5,0,0,30,-1,A
1425865145000,555532555,24.8413,37.525234,5633805.526560165,1733192.2818215296,274,22.5,0,0,30,-1,A
1425865397000,555532555,24.80865,37.527935,5630906.798346139,1732925.7192108058,275,22.2,0,0,30,-1,A
1425865650000,555532555,24.776016,37.530033,5628020.849755028,1732595.1058917977,275,22.1,0,0,30,-1,A
1425865955000,555532555,24.736683,37.532417,5624545.092606153,1732182.5521389626,275,22.0,0,0,30,-1,A
1425866214000,555532555,24.703434,37.534935,5621597.3616777705,1731889.9161604035,274,22.0,0,0,30,-1,A
1425866460000,555532555,24.6729,37.537285,5618889.567170046,1731626.4155330283,274,22.0,0,0,30,-1,A
1425866730000,555532555,24.638367,37.541218,5615803.122874191,1731468.461392064,279,21.6,0,0,30,-1,A
1425866987000,555532555,24.60675,37.5457,5612960.826117907,1731420.9546381955,280,21.7,0,0,30,-1,A
1425867245000,555532555,24.574516,37.551018,5610049.173584597,1731455.2032275442,284,21.6,0,0,30,-1,A
1425867516000,555532555,24.54115,37.55723,5607022.252170218,1731568.9376273162,282,22.0,0,0,30,-1,A
1425867768000,555532555,24.5094,37.56295,5604145.718171866,1731657.6282214043,283,22.2,0,0,30,-1,A
1425868032000,555532555,24.4759,37.5691,5601108.727086375,1731765.024854691,282,22.3,0,0,30,-1,A
1425868278000,555532555,24.444616,37.573933,5598289.725172177,1731767.5002217442,261,22.3,0,0,30,-1,A
1425868533000,555532555,24.415016,37.560867,5595948.991245632,1729851.2280050993,237,22.9,0,0,30,-1,A
1425868777000,555532555,24.38655,37.547333,5593714.639530799,1727903.7881805233,239,23.3,0,0,30,-1,A
1425869021000,555532555,24.358284,37.53405,5591491.898228239,1725987.8030927952,239,23.1,0,0,30,-1,A
1425869273000,555532555,24.327734,37.522034,5589045.186941783,1724172.631761754,247,23.2,0,0,30,-1,A
1425869521000,555532555,24.295366,37.514065,5586364.241818097,1722768.8336977658,259,23.6,0,0,30,-1,A
1425869769000,555532555,24.261934,37.516968,5583390.505442195,1722532.0597594855,290,23.1,0,0,30,-1,A
1425870011000,555532555,24.2324,37.526684,5580632.88800934,1723102.5176070929,295,22.7,0,0,30,-1,A
1425870280000,555532555,24.200684,37.539417,5577630.192552153,1723966.6744415744,295,22.6,0,0,30,-1,A
1425870556000,555532555,24.1689,37.553066,5574605.648174671,1724930.7659118918,294,22.6,0,0,30,-1,A
1425870819000,555532555,24.137783,37.565033,5571670.696416185,1725723.966097114,291,22.5,0,0,30,-1,A
1425871077000,555532555,24.105816,37.574818,5568701.722225955,1726266.9536770624,291,22.6,0,0,30,-1,A
1425871329000,555532555,24.07475,37.58375,5565827.369585074,1726733.0239951103,294,22.5,0,0,30,-1,A
1425871582000,555532555,24.044134,37.59342,5562979.457041628,1727287.994574303,294,22.6,0,0,30,-1,A
1425871833000,555532555,24.013716,37.60388,5560135.121945308,1727933.4069046264,294,22.4,0,0,30,-1,A
1425872020000,555532555,23.991867,37.612434,5558073.7037996445,1728511.077997993,295,22.3,0,0,30,-1,A
1425872302000,555532555,23.959066,37.6259,5554968.4366545845,1729447.4732255389,294,22.4,0,0,30,-1,A
1425872632000,555532555,23.920116,37.641335,5551292.057964622,1730500.74434636,294,22.8,0,0,30,-1,A
1425872926000,555532555,23.88525,37.655167,5548001.832235787,1731446.9350514084,295,22.6,0,0,30,-1,A
1425873183000,555532555,23.85455,37.66725,5545107.202789554,1732270.8951996006,294,22.6,0,0,30,-1,A
1425873442000,555532555,23.823967,37.679268,5542224.62988391,1733090.872293117,294,22.7,0,0,30,-1,A
1425873730000,555532555,23.789566,37.69277,5538983.304508378,1734012.8926902304,295,22.9,0,0,30,-1,A
1425873993000,555532555,23.7585,37.70575,5536043.027354148,1734932.6021558545,303,22.8,0,0,30,-1,A
1425874252000,555532555,23.737432,37.7269,5533831.22450905,1736902.532051198,327,22.6,0,0,30,-1,A
1425874590000,555532555,23.716883,37.758183,5531486.698984921,1739985.6587832505,331,22.8,0,0,30,-1,A
1425874900000,555532555,23.6986,37.7879,5529368.588166546,1742934.7689585164,331,22.9,0,0,30,-1,A
1425875173000,555532555,23.682367,37.81405,5527493.039869654,1745528.1560528323,331,22.8,0,0,30,-1,A
1425875420000,555532555,23.667984,37.83745,5525827.907195885,1747851.511199732,331,22.9,0,0,30,-1,A
1425875697000,555532555,23.65065,37.86365,5523857.258813137,1750433.9879002252,329,23.0,0,0,30,-1,A
1425875941000,555532555,23.63535,37.88665,5522120.834060812,1752700.212024582,328,22.9,0,0,30,-1,A
1425876215000,555532555,23.6196,37.9113,5520316.990536219,1755139.6785006097,334,21.1,0,0,30,-1,A
1425876462000,555532555,23.6123,37.932766,5519304.841920627,1757365.1033952485,15,18.0,0,0,30,-1,A
1425876708000,555532555,23.629883,37.940365,5520700.561946385,1758469.6150315797,72,11.6,0,0,30,-1,A
1425876953000,555532555,23.640684,37.947884,5521507.531324935,1759459.0480682459,99,5.5,0,0,30,-1,A
1425877140000,555532555,23.641083,37.947884,5521542.226798464,1759465.322351714,194,1.3,0,0,30,-1,A
1425878550000,555532555,23.641317,37.947933,5521561.711841925,1759474.3435698894,186,0.0,0,0,30,-1,A
1425879850000,555532555,23.641333,37.947918,5521563.367216634,1759472.9600317976,185,0.0,0,0,30,-1,A
1425881080000,555532555,23.641384,37.947933,5521567.53788741,1759475.3971816194,185,0.0,0,0,30,-1,A
1425882400000,555532555,23.641466,37.9479,5521575.249251964,1759473.0893622935,185,0.0,0,0,30,-1,A
1425883700000,555532555,23.641384,37.9479,5521568.1188658755,1759471.7998598656,185,0.0,0,0,30,-1,A
1425885081000,555532555,23.641384,37.94795,5521567.238595372,1759477.250347415,185,0.0,0,0,30,-1,A
1425886380000,555532555,23.641384,37.9479,5521568.1188658755,1759471.7998598656,185,0.0,0,0,30,-1,A
1425887659000,555532555,23.641367,37.94787,5521567.16877627,1759468.2622324657,185,0.0,0,0,30,-1,A
1425888971000,555532555,23.6414,37.947918,5521569.193263161,1759474.0136449316,185,0.0,0,0,30,-1,A
1425890261000,555532555,23.64135,37.947933,5521564.5813868465,1759474.862512337,185,0.0,0,0,30,-1,A
1425891540000,555532555,23.64135,37.94795,5521564.2820955515,1759476.7156782334,185,0.0,0,0,30,-1,A
1425892841000,555532555,23.641384,37.94795,5521567.238595372,1759477.250347415,185,0.0,0,0,30,-1,A
1425894190000,555532555,23.641434,37.94785,5521573.34693558,1759467.1356540578,185,0.0,0,0,30,-1,A
1425895504000,555532555,23.64135,37.94787,5521565.690524578,1759467.994897804,185,0.1,0,0,30,-1,A
1425896801000,555532555,23.641434,37.947983,5521571.005407764,1759481.6339496674,185,0.0,0,0,30,-1,A
1425898102000,555532555,23.6414,37.947933,5521568.929181701,1759475.6487911523,185,0.0,0,0,30,-1,A
1425899400000,555532555,23.64135,37.947968,5521563.965198811,1759478.6778539242,185,0.0,0,0,30,-1,A
1425900631000,555532555,23.641384,37.94795,5521567.238595372,1759477.250347415,185,0.0,0,0,30,-1,A
1425901951000,555532555,23.641367,37.947933,5521566.059637162,1759475.1298468127,185,0.0,0,0,30,-1,A
1425903242000,555532555,23.641384,37.94787,5521568.647027893,1759468.5295674591,185,0.0,0,0,30,-1,A
1425904460000,555532555,23.6414,37.947834,5521570.672118358,1759464.8568265024,185,0.0,0,0,30,-1,A
1425905790000,555532555,23.64135,37.94787,5521565.690524578,1759467.994897804,185,0.0,0,0,30,-1,A
1425907079000,555532555,23.641333,37.947918,5521563.367216634,1759472.9600317976,185,0.0,0,0,30,-1,A
1425908440000,555532555,23.6413,37.94795,5521559.934301211,1759475.929402433,185,0.0,0,0,30,-1,A
1425909660000,555532555,23.641333,37.94795,5521562.80384554,1759476.4483441398,185,0.0,0,0,30,-1,A
1425910980000,555532555,23.641367,37.94795,5521565.760345496,1759476.9830126585,185,0.0,0,0,30,-1,A
1425912199000,555532555,23.641384,37.947918,5521567.801968562,1759473.762035357,185,0.0,0,0,30,-1,A
1425913500000,555532555,23.64135,37.94787,5521565.690524578,1759467.994897804,185,0.0,0,0,30,-1,A
1425914820000,555532555,23.64145,37.94785,5521574.73823139,1759467.387264738,185,0.0,0,0,30,-1,A
1425916170000,555532555,23.6413,37.947968,5521559.617405626,1759477.8915782801,185,0.0,0,0,30,-1,A
1425917380000,555532555,23.641367,37.947933,5521566.059637162,1759475.1298468127,185,0.0,0,0,30,-1,A
1425918710000,555532555,23.64135,37.947918,5521564.845467344,1759473.2273659855,185,0.0,0,0,30,-1,A
1425920024000,555532555,23.64135,37.94795,5521564.2820955515,1759476.7156782334,185,0.0,0,0,30,-1,A
1425921329000,555532555,23.641367,37.947968,5521565.443448362,1759478.9451882965,185,0.0,0,0,30,-1,A
1425922642000,555532555,23.641367,37.947968,5521565.443448362,1759478.9451882965,185,0.0,0,0,30,-1,A
1425923384000,555532555,23.640516,37.94785,5521493.521239014,1759452.6999828313,221,1.1,0,0,30,-1,A
1425923661000,555532555,23.632032,37.9405,5520885.081385607,1758518.1028817636,255,10.7,0,0,30,-1,A
1425923970000,555532555,23.612833,37.93115,5519379.5883112615,1757197.3037777026,186,17.6,0,0,30,-1,A
1425924215000,555532555,23.614466,37.90545,5519973.02297168,1754421.3432492053,175,22.6,0,0,30,-1,A
1425924405000,555532555,23.614532,37.904835,5519989.56595507,1754355.3384043889,175,22.6,0,0,30,-1,A
1425924592000,555532555,23.617117,37.864067,5520930.358965695,1749951.9150097566,177,22.5,0,0,30,-1,A
1425924843000,555532555,23.618116,37.839584,5521447.085207638,1747298.867591862,175,22.4,0,0,30,-1,A
1425925098000,555532555,23.626766,37.815,5522632.1420041425,1744755.2131263816,158,22.3,0,0,30,-1,A
1425925342000,555532555,23.641983,37.7896,5524404.290923045,1742226.2706226853,154,22.5,0,0,30,-1,A
1425925558000,555532555,23.654783,37.7695,5525873.318004314,1740237.3091637406,153,22.5,0,0,30,-1,A
1425925877000,555532555,23.673,37.740284,5527975.675294394,1737340.7250114407,154,22.4,0,0,30,-1,A
1425926218000,555532555,23.692533,37.707733,5530252.678284421,1734102.1834481477,154,22.2,0,0,30,-1,A
1425926482000,555532555,23.707434,37.683033,5531988.258957581,1731646.5156781876,154,22.2,0,0,30,-1,A
1425926740000,555532555,23.728533,37.662884,5534185.39825492,1729785.5716086607,128,22.1,0,0,30,-1,A
1425927029000,555532555,23.7585,37.6527,5536981.565648439,1729152.1744764247,107,22.4,0,0,30,-1,A
1425927282000,555532555,23.78205,37.64615,5539153.615097221,1728813.5541766882,109,22.4,0,0,30,-1,A
1425927551000,555532555,23.827017,37.633118,5543311.023437668,1728111.6933003587,109,22.4,0,0,30,-1,A
1425927809000,555532555,23.85885,37.62372,5546257.79621252,1727597.5923895326,109,22.5,0,0,30,-1,A
1425928073000,555532555,23.89025,37.611965,5549209.3209285075,1726821.0600676266,117,22.7,0,0,30,-1,A
1425928374000,555532555,23.925167,37.596783,5552529.97493621,1725729.182016747,116,22.7,0,0,30,-1,A
1425928721000,555532555,23.9427,37.590282,5554177.670999881,1725303.773152172,108,22.7,0,0,30,-1,A
1425928918000,555532555,23.99295,37.5775,5558796.057769971,1724723.8735894095,105,22.3,0,0,30,-1,A
1425929181000,555532555,24.02435,37.569233,5561687.521552507,1724332.6318191634,105,22.0,0,0,30,-1,A
1425929428000,555532555,24.054583,37.5603,5564489.469867103,1723851.1120829352,105,22.0,0,0,30,-1,A
1425929689000,555532555,24.085733,37.550617,5567385.537656039,1723304.031934671,105,22.2,0,0,30,-1,A
1425929950000,555532555,24.1174,37.541016,5570325.802357011,1722775.56378871,104,22.3,0,0,30,-1,A
1425930208000,555532555,24.149183,37.53165,5573272.448277103,1722275.8543883131,105,22.6,0,0,30,-1,A
1425930473000,555532555,24.181984,37.522034,5576313.084076499,1721766.9221265214,104,22.6,0,0,30,-1,A
1425930742000,555532555,24.215483,37.5126,5579411.9133917745,1721290.6543487578,105,22.5,0,0,30,-1,A
1425930994000,555532555,24.24705,37.50712,5582270.180528009,1721214.3438664079,94,21.9,0,0,30,-1,A
1425931258000,555532555,24.280483,37.504482,5585239.629572178,1721479.4613904206,83,21.5,0,0,30,-1,A
1425931516000,555532555,24.312916,37.505783,5588049.352769395,1722158.064871244,82,21.4,0,0,30,-1,A
1425931780000,555532555,24.345133,37.507633,5590829.741713557,1722894.0294924616,79,20.7,0,0,30,-1,A
1425932044000,555532555,24.376633,37.51108,5593517.650362001,1723793.040162687,79,20.9,0,0,30,-1,A
1425932293000,555532555,24.406733,37.514515,5596082.998118854,1724668.4932725895,79,21.2,0,0,30,-1,A
1425932549000,555532555,24.438633,37.51795,5598805.025800975,1725575.0436042177,79,21.5,0,0,30,-1,A
1425932801000,555532555,24.470266,37.52105,5601509.42870997,1726441.7989646588,78,21.7,0,0,30,-1,A
1425933053000,555532555,24.501816,37.524582,5604198.049965754,1727355.2851719875,77,21.6,0,0,30,-1,A
1425933316000,555532555,24.534782,37.52845,5607003.4600287,1728330.2626086948,77,21.6,0,0,30,-1,A
1425933569000,555532555,24.565434,37.53395,5609575.840345709,1729444.99133508,69,21.7,0,0,30,-1,A
1425933833000,555532555,24.597483,37.541733,5612226.676323526,1730832.7310579112,69,21.8,0,0,30,-1,A
1425934096000,555532555,24.63,37.54957,5614916.413575511,1732235.365854837,69,22.1,0,0,30,-1,A
1425934348000,555532555,24.660734,37.557865,5617441.107377377,1733658.7010218506,65,22.3,0,0,30,-1,A
1425934601000,555532555,24.69175,37.566418,5619984.619551433,1735115.895259803,69,22.6,0,0,30,-1,A
1425934854000,555532555,24.725033,37.565834,5622897.507780651,1735618.8296934934,98,23.0,0,0,30,-1,A
1425935098000,555532555,24.756716,37.559067,5625787.783997465,1735423.196949645,103,22.9,0,0,30,-1,A
1425935348000,555532555,24.78775,37.551983,5628627.775693211,1735183.2181990687,103,22.8,0,0,30,-1,A
1425935594000,555532555,24.82025,37.545033,5631593.340734211,1734984.1513722087,103,22.7,0,0,30,-1,A
1425935846000,555532555,24.849966,37.538967,5634299.631877162,1734834.669319022,104,22.5,0,0,30,-1,A
1425936093000,555532555,24.883183,37.532684,5637315.532663783,1734722.9806627207,103,21.9,0,0,30,-1,A
1425936347000,555532555,24.912,37.5236,5640001.632146355,1734232.1093074542,117,21.8,0,0,30,-1,A
1425936602000,555532555,24.941267,37.51015,5642811.0638000425,1733275.3647176342,127,22.1,0,0,30,-1,A
1425936855000,555532555,24.95675,37.488335,5644579.517573732,1731171.455504979,159,21.7,0,0,30,-1,A
1425937130000,555532555,24.9619,37.460716,5645558.394050461,1728257.842519519,178,21.9,0,0,30,-1,A
1425937411000,555532555,24.9533,37.436367,5645274.49875834,1725461.561604636,241,20.9,0,0,30,-1,A
1425937815000,555532555,24.941984,37.440083,5644215.559585028,1725669.5945403455,132,0.0,0,0,30,-1,A
1425939141000,555532555,24.942167,37.44018,5644229.676573987,1725683.308813472,120,0.9,0,0,30,-1,A
1425939407000,555532555,24.958017,37.43717,5645670.860383488,1725630.601647064,56,19.5,0,0,30,-1,A
1425939659000,555532555,24.9852,37.44953,5647806.235377074,1727445.8589021706,57,21.3,0,0,30,-1,A
1425939930000,555532555,25.014183,37.4623,5650089.674194606,1729337.7288700214,57,21.1,0,0,30,-1,A
1425940190000,555532555,25.040466,37.47335,5652169.578078984,1730996.4290193778,56,21.2,0,0,30,-1,A
1425940439000,555532555,25.07045,37.485718,5654545.798467159,1732863.6772636164,57,21.4,0,0,30,-1,A
1425940704000,555532555,25.0994,37.49795,5656833.295990003,1734698.9739154559,54,21.3,0,0,30,-1,A
1425940964000,555532555,25.120132,37.507435,5658456.670796385,1736092.6414670271,48,21.3,0,0,30,-1,A
1425941217000,555532555,25.147118,37.527817,5660412.68734629,1738780.7931658467,33,21.0,0,0,30,-1,A
1425941464000,555532555,25.154383,37.536682,5660873.319409909,1739871.745653549,262,2.5,0,0,30,-1,A
1425941713000,555532555,25.157,37.537735,5661080.815985019,1740032.0994090291,186,0.5,0,0,30,-1,A
1425941901000,555532555,25.157,37.537766,5661080.213240534,1740035.4688713397,186,0.1,0,0,30,-1,A
1425942391000,555532555,25.156633,37.537334,5661056.643315586,1739982.0763787823,217,3.1,0,0,30,-1,A
1425942642000,555532555,25.161484,37.521416,5661788.767526796,1738337.040546676,123,20.4,0,0,30,-1,A
1425942862000,555532555,25.154934,37.5283,5661084.258511514,1738970.3510830502,158,18.0,0,0,30,-1,A
1425943045000,555532555,25.19165,37.5078,5664682.251639109,1737387.1143466604,118,22.4,0,0,30,-1,A
1425943299000,555532555,25.235384,37.487835,5668882.906637317,1735987.6700627992,118,21.9,0,0,30,-1,A
1425943611000,555532555,25.270033,37.4718,5672216.354042826,1734857.1413911036,114,22.0,0,0,30,-1,A
1425943946000,555532555,25.3098,37.462635,5675862.227645177,1734565.4335974958,83,21.8,0,0,30,-1,A
1425944264000,555532555,25.299034,37.4628,5674920.551745937,1734392.5376328027,95,21.9,0,0,30,-1,A
1425944472000,555532555,25.3244,37.46315,5677124.706081454,1734880.38403645,211,0.0,0,0,30,-1,A
1425944889000,555532555,25.32315,37.463665,5677005.642022119,1734914.1568106755,111,13.0,0,0,30,-1,A
1425945166000,555532555,25.3235,37.463432,5677040.723519709,1734895.051824456,130,11.4,0,0,30,-1,A
1425945347000,555532555,25.323734,37.462883,5677071.899502147,1734839.5540024338,165,7.3,0,0,30,-1,A
1425945616000,555532555,25.324368,37.463135,5677122.211477199,1734878.1863185808,209,0.0,0,0,30,-1,A
1425946236000,555532555,25.323017,37.4628,5677011.034183021,1734817.8115473564,292,3.0,0,0,30,-1,A
1425946579000,555532555,25.28905,37.471466,5673880.456728673,1735157.3422493464,291,21.8,0,0,30,-1,A
1425946783000,555532555,25.26445,37.479233,5671584.292320482,1735566.1449519142,293,22.6,0,0,30,-1,A
1425947041000,555532555,25.233166,37.489983,5668647.655398609,1736181.9759357679,293,22.8,0,0,30,-1,A
1425947312000,555532555,25.200684,37.50195,5665583.472405563,1736910.2537292694,294,22.2,0,0,30,-1,A
1425947575000,555532555,25.1705,37.5138,5662722.486122527,1737667.543233058,303,21.7,0,0,30,-1,A
1425947857000,555532555,25.15345,37.533916,5660845.810179506,1739554.7390244582,6,13.9,0,0,30,-1,A
1425948043000,555532555,25.15475,37.5364,5660910.771497784,1739847.530837186,225,2.5,0,0,30,-1,A
1425948693000,555532555,25.155184,37.536568,5660945.312002063,1739873.4029771874,237,6.3,0,0,30,-1,A
1425949076000,555532555,25.117332,37.517315,5658021.093417397,1737117.5650083327,239,22.4,0,0,30,-1,A
1425949370000,555532555,25.0851,37.500217,5655542.8166965805,1734695.525374235,239,22.7,0,0,30,-1,A
1425949633000,555532555,25.055283,37.485283,5653231.628104307,1732551.8409293871,241,22.9,0,0,30,-1,A
1425949876000,555532555,25.027617,37.47212,5651072.536096383,1730638.9935988144,240,22.9,0,0,30,-1,A
1425950176000,555532555,24.993467,37.45558,5648411.421309788,1728247.1383152334,236,23.0,0,0,30,-1,A
1425950422000,555532555,24.965816,37.44113,5646275.691159009,1726196.3273321553,236,22.6,0,0,30,-1,A
1425950729000,555532555,24.9423,37.440483,5644235.485374709,1725718.55454502,52,5.3,0,0,30,-1,A
1425950921000,555532555,24.94195,37.4401,5644212.26630706,1725670.8542366435,129,0.0,0,0,30,-1,A
1425952271000,555532555,24.941967,37.440117,5644213.424784295,1725672.9968380574,130,0.0,0,0,30,-1,A
1425952555000,555532555,24.9491,37.434982,5644934.39842426,1725238.2245576994,104,15.4,0,0,30,-1,A
1425952802000,555532555,24.959883,37.45235,5645542.776357222,1727313.3219919344,358,21.9,0,0,30,-1,A
1425953060000,555532555,24.959116,37.4793,5644959.1515740035,1730230.1105264316,348,22.7,0,0,30,-1,A
1425953306000,555532555,24.9418,37.50155,5643022.32148429,1732349.506287135,317,23.4,0,0,30,-1,A
1425953488000,555532555,24.920517,37.510983,5640985.6665211385,1733007.257123321,289,23.4,0,0,30,-1,A
1425953732000,555532555,24.894966,37.518967,5638604.905331514,1733434.4465059019,288,22.8,0,0,30,-1,A
1425953984000,555532555,24.856867,37.520416,5635254.850480547,1732935.9167856032,269,22.7,0,0,30,-1,A
1425954235000,555532555,24.823534,37.52005,5632354.747819027,1732323.462507755,269,22.4,0,0,30,-1,A
1425954558000,555532555,24.781683,37.5188,5628728.090976847,1731470.3309757498,271,22.2,0,0,30,-1,A
1425954810000,555532555,24.749083,37.519318,5625874.474216737,1730969.4111451127,272,22.2,0,0,30,-1,A
1425955194000,555532555,24.6994,37.52043,5621518.99705668,1730243.4510020053,274,22.3,0,0,30,-1,A
1425955506000,555532555,24.6587,37.523582,5617908.5218712995,1729894.6730043867,273,22.5,0,0,30,-1,A
1425955765000,555532555,24.62515,37.52585,5614938.44884357,1729572.7060059847,275,22.3,0,0,30,-1,A
1425956089000,555532555,24.5828,37.529335,5611177.576534313,1729235.864381999,275,22.7,0,0,30,-1,A
1425956413000,555532555,24.539883,37.532833,5607366.906478621,1728893.0127504878,274,22.8,0,0,30,-1,A
1425956665000,555532555,24.506834,37.535583,5604431.332202469,1728636.6031469635,275,22.7,0,0,30,-1,A
1425956922000,555532555,24.472784,37.538467,5601405.860881106,1728379.2954079018,274,22.7,0,0,30,-1,A
1425957120000,555532555,24.446466,37.54075,5599066.382429296,1728187.2206922977,275,22.9,0,0,30,-1,A
1425957308000,555532555,24.42155,37.540417,5596897.674646707,1727734.670067292,259,23.0,0,0,30,-1,A
1425957614000,555532555,24.38275,37.534367,5593622.229223396,1726429.337623638,254,23.0,0,0,30,-1,A
1425957862000,555532555,24.35025,37.5275,5590910.99731024,1725141.380968065,253,23.3,0,0,30,-1,A
1425958142000,555532555,24.312384,37.5189,5587762.06246994,1723576.9886063016,252,23.4,0,0,30,-1,A
1425958538000,555532555,24.259083,37.517467,5583132.311851645,1722539.3003122364,291,23.3,0,0,30,-1,A
1425958844000,555532555,24.22185,37.5306,5579639.819588471,1723355.0416082297,291,22.9,0,0,30,-1,A
1425959029000,555532555,24.199867,37.5388,5577570.073086399,1723886.0706007474,291,22.4,0,0,30,-1,A
1425959272000,555532555,24.171066,37.549385,5574861.769702393,1724565.521128062,293,22.0,0,0,30,-1,A
1425959525000,555532555,24.1418,37.560234,5572108.61431576,1725267.18008824,295,22.0,0,0,30,-1,A
1425959777000,555532555,24.113832,37.5728,5569438.2737517115,1726178.1127226409,300,21.8,0,0,30,-1,A
1425960034000,555532555,24.086933,37.5877,5566819.724590813,1727361.6720613202,309,22.0,0,0,30,-1,A
1425960293000,555532555,24.061068,37.60455,5564257.022175136,1728775.4068064813,301,22.1,0,0,30,-1,A
1425960611000,555532555,24.021616,37.615982,5560606.883096965,1729379.5417920584,286,22.9,0,0,30,-1,A
1425960923000,555532555,23.98185,37.626316,5556949.811149586,1729860.9709059994,286,22.7,0,0,30,-1,A
1425961182000,555532555,23.949333,37.634335,5553967.603262996,1730209.1395167212,286,22.7,0,0,30,-1,A
1425961439000,555532555,23.917467,37.643818,5551016.431380688,1730728.5752303512,291,22.5,0,0,30,-1,A
1425961631000,555532555,23.894016,37.651585,5548830.838912395,1731197.52592349,291,22.7,0,0,30,-1,A
1425961920000,555532555,23.8587,37.6641,5545525.476777114,1731994.2150208028,293,22.9,0,0,30,-1,A
1425962162000,555532555,23.829517,37.675568,5542774.700647808,1732776.4781474287,294,23.0,0,0,30,-1,A
1425962496000,555532555,23.79135,37.690735,5539175.049698195,1733819.603382383,294,23.0,0,0,30,-1,A
1425962739000,555532555,23.759867,37.703117,5536208.885642651,1734667.438683855,298,23.2,0,0,30,-1,A
1425963013000,555532555,23.737534,37.72595,5533856.912877773,1736800.6293642914,327,23.0,0,0,30,-1,A
1425963316000,555532555,23.717867,37.7545,5531637.520107085,1739599.8891801457,330,23.4,0,0,30,-1,A
1425963591000,555532555,23.701317,37.77975,5529749.161447356,1742089.545537798,330,23.3,0,0,30,-1,A
1425963893000,555532555,23.682417,37.8098,5527572.305333432,1745065.7436634507,330,23.3,0,0,30,-1,A
1425964166000,555532555,23.6657,37.836468,5525646.282745894,1747708.451085846,330,23.4,0,0,30,-1,A
1425964409000,555532555,23.651016,37.860016,5523953.072266672,1750043.649305507,330,23.3,0,0,30,-1,A
1425964650000,555532555,23.636333,37.88328,5522265.648403868,1752348.3302727574,332,22.9,0,0,30,-1,A
1425964892000,555532555,23.624617,37.9056,5520853.681509133,1754597.1454832633,334,20.0,0,0,30,-1,A
1425965138000,555532555,23.614567,37.926716,5519608.308020188,1756741.160629245,339,19.6,0,0,30,-1,A
1425965385000,555532555,23.62565,37.9392,5520352.907627988,1758276.1105786832,64,12.1,0,0,30,-1,A
1425965644000,555532555,23.638584,37.947117,5521338.4234741,1759342.4177132626,23,11.8,0,0,30,-1,A
1425965891000,555532555,23.640984,37.94763,5521538.089784079,1759436.0770675042,194,0.6,0,0,30,-1,A
1425967442000,555532555,23.641367,37.947968,5521565.443448362,1759478.9451882965,185,0.0,0,0,30,-1,A
1425968781000,555532555,23.641384,37.947918,5521567.801968562,1759473.762035357,185,0.0,0,0,30,-1,A
1425969993000,555532555,23.6414,37.947884,5521569.79184761,1759470.3073135742,185,0.0,0,0,30,-1,A
1425971212000,555532555,23.6414,37.947933,5521568.929181701,1759475.6487911523,185,0.0,0,0,30,-1,A
1425972501000,555532555,23.64145,37.947968,5521572.660783443,1759480.2504138122,185,0.0,0,0,30,-1,A
1425973812000,555532555,23.6414,37.947933,5521568.929181701,1759475.6487911523,185,0.0,0,0,30,-1,A
1425975121000,555532555,23.6414,37.9479,5521569.510160845,1759472.0514694892,185,0.0,0,0,30,-1,A
1425976322000,555532555,23.641367,37.947968,5521565.443448362,1759478.9451882965,185,0.0,0,0,30,-1,A
1425977631000,555532555,23.6414,37.947918,5521569.193263161,1759474.0136449316,185,0.0,0,0,30,-1,A
1425979022000,555532555,23.6414,37.947918,5521569.193263161,1759474.0136449316,185,0.0,0,0,30,-1,A
1425980314000,555532555,23.641466,37.94787,5521575.777417142,1759469.8190703148,185,0.0,0,0,30,-1,A
1425981612000,555532555,23.641367,37.947918,5521566.323717987,1759473.4947005059,185,0.0,0,0,30,-1,A
1425982947000,555532555,23.641384,37.947933,5521567.53788741,1759475.3971816194,185,0.0,0,0,30,-1,A
1425984374000,555532555,23.641417,37.947968,5521569.79124077,1759479.731467782,185,0.0,0,0,30,-1,A
1425985582000,555532555,23.641384,37.947983,5521566.657616515,1759480.847669338,185,0.0,0,0,30,-1,A
1425986782000,555532555,23.6414,37.947968,5521568.312991416,1759479.464132435,185,0.0,0,0,30,-1,A
1425988072000,555532555,23.6414,37.947933,5521568.929181701,1759475.6487911523,185,0.0,0,0,30,-1,A
1425989550000,555532555,23.641384,37.94785,5521568.999135787,1759466.3493725725,185,0.0,0,0,30,-1,A
1425990871000,555532555,23.64135,37.947834,5521566.324317144,1759464.0705468268,185,0.0,0,0,30,-1,A
1425992210000,555532555,23.641333,37.947884,5521563.9657981545,1759469.2537000445,185,0.1,0,0,30,-1,A
1425993432000,555532555,23.641317,37.9479,5521562.29281755,1759470.746247751,185,0.0,0,0,30,-1,A
1425994741000,555532555,23.641317,37.9479,5521562.29281755,1759470.746247751,185,0.0,0,0,30,-1,A
1425996071000,555532555,23.64135,37.947933,5521564.5813868465,1759474.862512337,185,0.0,0,0,30,-1,A
1425997502000,555532555,23.641333,37.94795,5521562.80384554,1759476.4483441398,185,0.0,0,0,30,-1,A
1425998851000,555532555,23.641417,37.94787,5521571.516574973,1759469.0485128025,185,0.0,0,0,30,-1,A
1426000142000,555532555,23.64145,37.94785,5521574.73823139,1759467.387264738,185,0.0,0,0,30,-1,A
1426001472000,555532555,23.64145,37.947834,5521575.019918993,1759465.6431090445,185,0.0,0,0,30,-1,A
1426002792000,555532555,23.641367,37.947918,5521566.323717987,1759473.4947005059,185,0.0,0,0,30,-1,A
1426004012000,555532555,23.641367,37.947918,5521566.323717987,1759473.4947005059,185,0.0,0,0,30,-1,A
1426004552000,555532555,23.640434,37.94775,5521488.151245577,1759440.5095786753,224,1.9,0,0,30,-1,A
1426004816000,555532555,23.629883,37.940166,5520704.062121201,1758447.9218483542,257,11.6,0,0,30,-1,A
1426005101000,555532555,23.613,37.927418,5519459.665469875,1756793.0892787292,177,19.8,0,0,30,-1,A
1426005354000,555532555,23.614334,37.9013,5520034.411223224,1753966.8794538754,174,22.5,0,0,30,-1,A
1426005599000,555532555,23.617332,37.87575,5520743.971673821,1751228.8099547992,175,22.5,0,0,30,-1,A
1426005858000,555532555,23.6206,37.849266,5521493.482190579,1748393.27893316,175,22.1,0,0,30,-1,A
1426006115000,555532555,23.62585,37.823067,5522410.715408886,1745620.100446879,158,22.0,0,0,30,-1,A
1426006362000,555532555,23.638317,37.80035,5523895.938693933,1743340.2176877244,158,22.4,0,0,30,-1,A
1426006656000,555532555,23.655216,37.772217,5525863.299751233,1740540.262305165,155,22.6,0,0,30,-1,A
1426006908000,555532555,23.669333,37.748165,5527517.206789042,1738141.7051777306,155,22.6,0,0,30,-1,A
1426007189000,555532555,23.685,37.72122,5529357.950806254,1735452.7888076138,155,22.8,0,0,30,-1,A
1426007477000,555532555,23.701283,37.694035,5531257.5321926195,1732747.9784370624,149,22.6,0,0,30,-1,A
1426007730000,555532555,23.724817,37.67585,5533632.1861800775,1731139.4497917234,123,22.4,0,0,30,-1,A
1426007993000,555532555,23.756117,37.663918,5536575.138264524,1730336.5756130063,112,22.7,0,0,30,-1,A
1426008246000,555532555,23.786783,37.6537,5539433.059179237,1729711.611625052,112,22.6,0,0,30,-1,A
1426008522000,555532555,23.8207,37.642483,5542593.108717227,1729030.97076328,112,22.8,0,0,30,-1,A
1426008798000,555532555,23.854666,37.631035,5545762.221599293,1728327.4191696867,112,23.0,0,0,30,-1,A
1426009075000,555532555,23.889616,37.62045,5549002.546882453,1727735.1639200982,108,23.0,0,0,30,-1,A
1426009321000,555532555,23.92085,37.61155,5551888.8766819555,1727268.1397150015,110,23.4,0,0,30,-1,A
1426009567000,555532555,23.951,37.600483,5554719.8367103,1726548.81560538,119,23.3,0,0,30,-1,A
1426009812000,555532555,23.980116,37.5876,5557493.702145837,1725616.1521888166,114,23.3,0,0,30,-1,A
1426010093000,555532555,24.01555,37.577217,5560775.153296325,1725059.3396504826,107,23.1,0,0,30,-1,A
1426010336000,555532555,24.046417,37.568916,5563620.754849258,1724656.5815367461,107,23.2,0,0,30,-1,A
1426010582000,555532555,24.077234,37.55905,5566490.678979811,1724083.784726155,109,23.1,0,0,30,-1,A
1426010824000,555532555,24.107267,37.549183,5569292.658919859,1723499.2862628007,107,22.9,0,0,30,-1,A
1426011104000,555532555,24.14215,37.538616,5572531.562545748,1722919.1204781479,104,22.6,0,0,30,-1,A
1426011354000,555532555,24.173717,37.530983,5575428.018988094,1722605.5066486588,104,22.8,0,0,30,-1,A
1426011614000,555532555,24.20715,37.52395,5578476.924198064,1722389.146850733,104,22.5,0,0,30,-1,A
1426011866000,555532555,24.239033,37.516735,5581394.0543004675,1722128.7921742413,103,22.3,0,0,30,-1,A
1426012124000,555532555,24.27165,37.510567,5584356.473485336,1721995.7963562862,96,22.4,0,0,30,-1,A
1426012388000,555532555,24.3058,37.506916,5587406.886384875,1722163.4667253979,93,22.3,0,0,30,-1,A
1426012658000,555532555,24.340384,37.50205,5590517.590272191,1722207.4923896014,97,22.4,0,0,30,-1,A
1426012916000,555532555,24.373632,37.50115,5593438.6063991,1722662.3537360332,82,22.1,0,0,30,-1,A
1426013179000,555532555,24.407682,37.5034,5596371.274297534,1723474.68961867,81,22.4,0,0,30,-1,A
1426013444000,555532555,24.442316,37.5063,5599342.421867509,1724368.8345854266,84,22.2,0,0,30,-1,A
1426013690000,555532555,24.474184,37.507717,5602099.024790658,1725056.5851932303,83,22.3,0,0,30,-1,A
1426013948000,555532555,24.507483,37.509266,5604977.746596472,1725783.8896955587,83,22.2,0,0,30,-1,A
1426014194000,555532555,24.539167,37.511066,5607710.391571843,1726512.5719850943,84,22.2,0,0,30,-1,A
1426014446000,555532555,24.571983,37.51265,5610545.490468271,1727237.9873783838,84,22.2,0,0,30,-1,A
1426014698000,555532555,24.6042,37.51445,5613323.861920776,1727977.9939823449,81,22.0,0,0,30,-1,A
1426014962000,555532555,24.638067,37.51695,5616232.677078384,1728823.2879457374,81,22.3,0,0,30,-1,A
1426015202000,555532555,24.668983,37.519184,5618888.499021483,1729590.8137332143,81,22.3,0,0,30,-1,A
1426015466000,555532555,24.703533,37.521767,5621854.375184727,1730459.2284924588,81,22.4,0,0,30,-1,A
1426015724000,555532555,24.737133,37.5243,5624737.796013715,1731307.3380039216,81,22.4,0,0,30,-1,A
1426015976000,555532555,24.769884,37.526783,5627547.610084308,1732136.761004491,81,22.5,0,0,30,-1,A
1426016246000,555532555,24.805384,37.5292,5630597.940324553,1733007.3183189633,82,22.6,0,0,30,-1,A
1426016504000,555532555,24.8392,37.529785,5633535.763744695,1733651.1340301845,88,22.6,0,0,30,-1,A
1426016768000,555532555,24.874134,37.527866,5636618.504258249,1734043.207952717,99,22.6,0,0,30,-1,A
1426017031000,555532555,24.906866,37.51972,5639628.178636264,1733721.598869586,107,22.5,0,0,30,-1,A
1426017296000,555532555,24.9392,37.509533,5642642.641120209,1733172.5254659823,125,22.5,0,0,30,-1,A
1426017548000,555532555,24.957983,37.488815,5644677.8598495405,1731244.999843614,159,22.0,0,0,30,-1,A
1426017800000,555532555,24.964582,37.46375,5645734.232359069,1728634.1891188116,171,21.8,0,0,30,-1,A
1426018058000,555532555,24.959917,37.43905,5645800.676945243,1725867.9259312602,224,21.7,0,0,30,-1,A
1426018310000,555532555,24.942017,37.4404,5644212.37158235,1725704.6311905412,37,7.7,0,0,30,-1,A
1426018493000,555532555,24.942017,37.440083,5644218.440132732,1725670.1658333265,130,0.0,0,0,30,-1,A
1426019525000,555532555,24.942484,37.440166,5644257.615244135,1725687.2746732929,115,1.8,0,0,30,-1,A
1426019787000,555532555,24.9612,37.438484,5645923.513717996,1725828.6293817954,57,19.2,0,0,30,-1,A
1426020051000,555532555,24.98935,37.4508,5648143.995760984,1727655.981057292,56,21.4,0,0,30,-1,A
1426020351000,555532555,25.022034,37.464832,5650725.862215913,1729749.5552365617,57,20.9,0,0,30,-1,A
1426020616000,555532555,25.050583,37.47675,5652986.397356106,1731542.3176615527,56,20.9,0,0,30,-1,A
1426020879000,555532555,25.079466,37.488384,5655280.430856751,1733310.8633969747,58,21.2,0,0,30,-1,A
1426021144000,555532555,25.108232,37.50083,5657547.428926431,1735166.4707619452,53,21.5,0,0,30,-1,A
1426021413000,555532555,25.134832,37.51552,5659580.947442505,1737228.867908434,38,18.2,0,0,30,-1,A
1426021678000,555532555,25.1483,37.5274,5660523.7708615735,1738756.1909833655,23,12.9,0,0,30,-1,A
1426021998000,555532555,25.15465,37.536266,5660904.665265181,1739831.2121847868,226,2.7,0,0,30,-1,A
1426022211000,555532555,25.156384,37.5377,5661027.836896091,1740017.4902771935,188,0.3,0,0,30,-1,A
1426023061000,555532555,25.156067,37.537067,5661012.529905606,1739943.1277964036,197,4.5,0,0,30,-1,A
1426023314000,555532555,25.164366,37.519783,5662071.632050083,1738210.1321125226,119,20.7,0,0,30,-1,A
1426023576000,555532555,25.194,37.506382,5664914.65338184,1737274.3339598617,118,22.7,0,0,30,-1,A
1426023844000,555532555,25.22475,37.492584,5667863.419989324,1736316.2426730432,118,22.4,0,0,30,-1,A
1426024096000,555532555,25.249166,37.481167,5670214.362514025,1735506.2920529558,118,22.2,0,0,30,-1,A
1426024380000,555532555,25.28415,37.463917,5673601.232396954,1734250.316799653,119,22.5,0,0,30,-1,A
1426024644000,555532555,25.3147,37.45582,5676423.071775738,1733911.8489115727,79,21.2,0,0,30,-1,A
1426024902000,555532555,25.323,37.4627,5677011.515946604,1734806.6445451481,224,3.1,0,0,30,-1,A
1426025109000,555532555,25.324368,37.463135,5677122.211477199,1734878.1863185808,207,0.3,0,0,30,-1,A
